Version:16,,,,
Header:Product,Product Reference,Species Code,Short Description,Image Filename
Product,ACE-BR-120/150,ACE,Field maple 120/150cm bare root,Images\Field Maple (ACE)\Bare Roots\ACE-BR-120-150.jpg
Product,ACE-BR-150/180,ACE,Field maple 150/180cm bare root,Images\Field Maple (ACE)\Bare Roots\ACE-BR-150-180.jpg
Product,ACE-BR-40/60,ACE,Field maple 40/60cm bare root,Images\Field Maple (ACE)\Bare Roots\ACE-BR-40-60.jpg
Product,ACE-BR-60/90,ACE,Field maple 60/90cm bare root,Images\Field Maple (ACE)\Bare Roots\ACE-BR-60-90.jpg
Product,ACE-BR-90/120,ACE,Field maple 90/120cm bare root,Images\Field Maple (ACE)\Bare Roots\ACE-BR-90-120.jpg
Product,ACE-PG-30/50-CG,ACE,Field Maple 30/50cm Cell grown,Images\Field Maple (ACE)\Pots\ACE-PG-30-50-CG.jpg
Product,ACE-PG-40/60-2L,ACE,Field Maple 40/60cm 2L pot,Images\Field Maple (ACE)\Pots\ACE-PG-40-60-2L.jpg
Product,ACE-PG-60/90-2L,ACE,Field Maple 60/90cm 2L pot,Images\Field Maple (ACE)\Pots\ACE-PG-60-90-2L.jpg
Product,ACE-PG-80/100-2L,ACE,Field Maple 80/10cm 2L pot,Images\Field Maple (ACE)\Pots\ACE-PG-80-100-2L.jpg
Product,ACE-PG-90/120-2L,ACE,Field Maple 90/120cm 2L pot,Images\Field Maple (ACE)\Pots\ACE-PG-90-120-2L.jpg
Product,ALN-BR-120/150,ALN,Alder 120/150cm bare root,Images\Alder (ALN)\Bare Roots\ALN-BR-120-150.jpg
Product,ALN-BR-150/180,ALN,Alder 150/180cm bare root,Images\Alder (ALN)\Bare Roots\ALN-BR-150-180.jpg
Product,ALN-BR-40/60,ALN,Alder 40/60cm bare root,Images\Alder (ALN)\Bare Roots\ALN-BR-40-60.jpg
Product,ALN-BR-60/90,ALN,Alder 60/90cm bare root,Images\Alder (ALN)\Bare Roots\ALN-BR-60-90.jpg
Product,ALN-BR-90/120,ALN,Alder 90/120cm bare root,Images\Alder (ALN)\Bare Roots\ALN-BR-90-120.jpg
Product,ALN-PG-30/50-CG,ALN,Alder 30/50cm Cell grown,Images\Alder (ALN)\Pots\ALN-PG-30-50-CG.jpg
Product,AME-BR-120/150,AME,Juneberry 120/150cm bare root,Images\Juneberry (AME)\Bare Roots\AME-BR-120-150.jpg
Product,AME-BR-40/60,AME,Juneberry 40/60cm bare root,Images\Juneberry (AME)\Bare Roots\AME-BR-40-60.jpg
Product,AME-BR-60/90,AME,Juneberry 60/90cm bare root,Images\Juneberry (AME)\Bare Roots\AME-BR-60-90.jpg
Product,AME-BR-90/120,AME,Juneberry 90/120cm bare root,Images\Juneberry (AME)\Bare Roots\AME-BR-90-120.jpg
Product,AME-PG-40/60-2L,AME,Juneberry 40/60cm 2L pot,Images\Juneberry (AME)\Pots\AME-PG-40-60-2L.jpg
Product,AME-PG-60/90-2L,AME,Juneberry 60/90cm 2L pot,Images\Juneberry (AME)\Pots\AME-PG-60-90-2L.jpg
Product,AUC-PG-30/40-2L,AUC,Spotted Laurel 30/40cm 2L pot,Images\Laurel - Spotted (AUC)\Pots\AUC-PG-30-40-2L.jpg
Product,AUC-PG-40/60-2L,AUC,Spotted Laurel 40/60cm 2L pot,Images\Laurel - Spotted (AUC)\Pots\AUC-PG-40-60-2L.jpg
Product,AUC-PG-40/60-5L,AUC,Spotted Laurel 40/60cm 5L pot,Images\Laurel - Spotted (AUC)\Pots\AUC-PG-40-60-5L.jpg
Product,AUC-PG-60/90-10L,AUC,Spotted Laurel 60/90cm 10L pot,Images\Laurel - Spotted (AUC)\Pots\AUC-PG-60-90-10L.jpg
Product,AUC-PG-60/90-5L,AUC,Spotted Laurel 60/90cm 5L pot,Images\Laurel - Spotted (AUC)\Pots\AUC-PG-60-90-5L.jpg
Product,BERA-BR-40/60,BERA,Purple Berberis 40/60cm bare root,Images\Berberis thunbergii Atropurpurea (BERA)\Bare Roots\BERA-BR-40-60.jpg
Product,BERA-BR-60/90,BERA,Purple Berberis 60/90cm bare root,Images\Berberis thunbergii Atropurpurea (BERA)\Bare Roots\BERA-BR-60-90.jpg
Product,BERA-PG-40/60-2L,BERA,Purple Berberis 40/60cm 2L pot,Images\Berberis thunbergii Atropurpurea (BERA)\Pots\BERA-PG-40-60-2L.jpg
Product,BERA-PG-60/90-5L,BERA,Purple Berberis 60/90cm 5L pot,Images\Berberis thunbergii Atropurpurea (BERA)\Pots\BERA-PG-60-90-5L.jpg
Product,BERD-PG-20/30-2L,BERD,Darwins Barberry 20/30cm 2L pot,Images\Berberis darwinii (BERD)\Pots\BERD-PG-20-30-2L.jpg
Product,BERD-PG-30/40-2L,BERD,Darwins Barberry 30/40cm 2L pot,Images\Berberis darwinii (BERD)\Pots\BERD-PG-30-40-2L.jpg
Product,BERD-PG-40/60-5L,BERD,Darwins Barberry 40/60cm 5L pot,Images\Berberis darwinii (BERD)\Pots\BERD-PG-40-60-5L.jpg
Product,BERJ-BR-30/40,BERJ,Wintergreen Barberry 30/40cm bare root,Images\Berberis Julianae (BERJ)\Bare Roots\BERJ-BR-30-40.jpg
Product,BERJ-PG-20/30-2L,BERJ,Wintergreen Barberry 20/30 2L pot,Images\Berberis Julianae (BERJ)\Pots\BERJ-PG-20-30-2L.jpg
Product,BERJ-PG-30/40-2L,BERJ,Wintergreen Barberry 30/40 2L pot,Images\Berberis Julianae (BERJ)\Pots\BERJ-PG-30-40-2L.jpg
Product,BERJ-PG-40/60-5L,BERJ,Wintergreen Barberry 40/60 5L pot,Images\Berberis Julianae (BERJ)\Pots\BERJ-PG-40-60-5L.jpg
Product,BERO-PG-20/30-2L,BERO,Red Berberis 20/30cm 2L pot,Images\Berberis Ottawensis (BERO)\Pots\BERO-PG-20-30-2L.jpg
Product,BERO-PG-30/40-2L,BERO,Red Berberis 30/40cm 2L pot,Images\Berberis Ottawensis (BERO)\Pots\BERO-PG-30-40-2L.jpg
Product,BERO-PG-40/60-2L,BERO,Red Berberis 40/60cm 2L pot,Images\Berberis Ottawensis (BERO)\Pots\BERO-PG-40-60-2L.jpg
Product,BERO-PG-60/90-5L,BERO,Red Berberis 60/90cm 5L pot,Images\Berberis Ottawensis (BERO)\Pots\BERO-PG-60-90-5L.jpg
Product,BERR-PG-20/40-2L,BERR,Berberis Rose Glow 20/40cm 2L pot,Images\Berberis thunbergii Rose Glow (BERR)\Pots\BERR-PG-20-40-2L.jpg
Product,BERR-PG-40/60-2L,BERR,Berberis Rose Glow 40/60cm 2L pot,Images\Berberis thunbergii Rose Glow (BERR)\Pots\BERR-PG-40-60-2L.jpg
Product,BERR-PG-60/90-5L,BERR,Berberis Rose Glow 60/90cm 5L pot,Images\Berberis thunbergii Rose Glow (BERR)\Pots\BERR-PG-60-90-5L.jpg
Product,BERS-PG-40/60-2L,BERS,Berberis Evergreen 40/60cm 2L pot,Images\Berberis Stenophylla (BERS)\Pots\BERS-PG-40-60-2L.jpg
Product,BERS-PG-60/90-5L,BERS,Berberis Evergreen 60/90cm 5L pot,Images\Berberis Stenophylla (BERS)\Pots\BERS-PG-60-90-5L.jpg
Product,BERT-BR-40/60,BERT,Green Berberis 40/60cm bare root,Images\Berberis thunbergii (BERT)\Bare Roots\BERT-BR-40-60.jpg
Product,BERT-PG-40/60-2L,BERT,Green Berberis 40/60cm 2L pot,Images\Berberis thunbergii (BERT)\Pots\BERT-PG-40-60-2L.jpg
Product,BRAC-PG-20/40-2L,BRAC,Senecio 'Sunshine' 20/40cm 2L pot,Images\Brachyglottis Senecio 'Sunshine' (BRAC)\Pots\BRAC-PG-20-40-2L.jpg
Product,BRAC-PG-40/60-5L,BRAC,Senecio 'Sunshine' 40/60cm 5L pot,Images\Brachyglottis Senecio 'Sunshine' (BRAC)\Pots\BRAC-PG-40-60-5L.jpg
Product,BUSU-BR-15/20,BUSU,Dwarf Box 15/20cm bare root,Images\Box - Compact or Dwarf (BUSU)\Bare Roots\BUSU-BR-15-20.jpg
Product,BUSU-PG-15/20-1L,BUSU,Dwarf-Box 15/20cm 1L pot,Images\Box - Compact or Dwarf (BUSU)\Pots\BUSU-PG-15-20-1L.jpg
Product,BUXS-BR-20/30,BUXS,Box 20/30cm bare root,Images\Box (BUXS)\Bare Roots\BUXS-BR-20-30.jpg
Product,BUXS-BR-30/40,BUXS,Box 30/40cm bare root,Images\Box (BUXS)\Bare Roots\BUXS-BR-30-40.jpg
Product,BUXS-BR-40/50,BUXS,Box 40/50cm bare root,Images\Box (BUXS)\Bare Roots\BUXS-BR-40-50.jpg
Product,BUXS-PG-15/20-CG,BUXS,Box 15/20cm Cell grown,Images\Box (BUXS)\Pots\BUXS-PG-15-20-CG.jpg
Product,BUXS-PG-20/30-1.5L,BUXS,Box 20/30cm 1.5L pot,Images\Box (BUXS)\Pots\BUXS-PG-20-30-1_5L.jpg
Product,BUXS-PG-30/40-2L,BUXS,Box 30/40cm 2L pot,Images\Box (BUXS)\Pots\BUXS-PG-30-40-2L.jpg
Product,BUXS-PG-40/50-5L,BUXS,Box 40/50cm 5L pot,Images\Box (BUXS)\Pots\BUXS-PG-40-50-5L.jpg
Product,BUXS-PG-50/70-5L,BUXS,Box 50/70cm 5L  pot,Images\Box (BUXS)\Pots\BUXS-PG-50-70-5L.jpg
Product,BUXS-PG-60/80-10L,BUXS,Box 60/80cm 10L pot,Images\Box (BUXS)\Pots\BUXS-PG-60-80-10L.jpg
Product,BUXS-RB-100/120,BUXS,Box 100/120cm Root ball,Images\Box (BUXS)\Root Balls\BUXS-RB-100-120.jpg
Product,BUXS-RB-120/140,BUXS,Box 120/140cm Root ball,Images\Box (BUXS)\Root Balls\BUXS-RB-120-140.jpg
Product,BUXS-RB-140/160,BUXS,Box 140/160cm Root ball,Images\Box (BUXS)\Root Balls\BUXS-RB-140-160.jpg
Product,BUXS-RB-40/50,BUXS,Box 40/50cm Root ball,Images\Box (BUXS)\Root Balls\BUXS-RB-40-50.jpg
Product,BUXS-RB-50/60,BUXS,Box 50/60cm Root ball,Images\Box (BUXS)\Root Balls\BUXS-RB-50-60.jpg
Product,BUXS-RB-60/80,BUXS,Box 60/80cm Root ball,Images\Box (BUXS)\Root Balls\BUXS-RB-60-80.jpg
Product,BUXS-RB-80/100,BUXS,Box 80/100cm Root ball,Images\Box (BUXS)\Root Balls\BUXS-RB-80-100.jpg
Product,BUXS-IH-30/40-15L,BUXS,Box (Buxus sempervirens) 15L 30/40cm 50cm trough,Images\Box (BUXS)\Troughs\BUXS-IH-30-40-15L.jpg
Product,BUXS-IH-60/80-90L,BUXS,Box (Buxus sempervirens) 90L 60/80cm 1 Metre trough,Images\Box (BUXS)\Troughs\BUXS-IH-60-80-90L.jpg
Product,CARP-BR-120/150,CARP,Hornbeam 120/150cm bare root,Images\Hornbeam (CARP)\Bare Roots\CARP-BR-120-150.jpg
Product,CARP-BR-150/180,CARP,Hornbeam 150/180cm bare root,Images\Hornbeam (CARP)\Bare Roots\CARP-BR-150-180.jpg
Product,CARP-BR-180/200,CARP,Hornbeam 180/200cm bare root,Images\Hornbeam (CARP)\Bare Roots\CARP-BR-180-200.jpg
Product,CARP-BR-40/60,CARP,Hornbeam 40/60cm bare root,Images\Hornbeam (CARP)\Bare Roots\CARP-BR-40-60.jpg
Product,CARP-BR-60/90,CARP,Hornbeam 60/90cm bare root,Images\Hornbeam (CARP)\Bare Roots\CARP-BR-60-90.jpg
Product,CARP-BR-80/100,CARP,Hornbeam 80/100cm bare root,Images\Hornbeam (CARP)\Bare Roots\CARP-BR-80-100.jpg
Product,CARP-BR-90/120,CARP,Hornbeam 90/120cm bare root,Images\Hornbeam (CARP)\Bare Roots\CARP-BR-90-120.jpg
Product,CARP-PG-30/50-CG,CARP,Hornbeam 30/50cm Cell grown,Images\Hornbeam (CARP)\Pots\CARP-PG-30-50-CG.jpg
Product,CARP-PG-120/150-5L,CARP,Hornbeam 120/150cm 5L pot,Images\Hornbeam (CARP)\Pots\CARP-PG-120-150-5L.jpg
Product,CARP-PG-150/175-10L,CARP,Hornbeam 150/175cm 10L pot,Images\Hornbeam (CARP)\Pots\CARP-PG-150-175-10L.jpg
Product,CARP-PG-150/175-20L,CARP,Hornbeam 150/175cm 20L pot,Images\Hornbeam (CARP)\Pots\CARP-PG-150-175-20L.jpg
Product,CARP-PG-175/200-10L,CARP,Hornbeam 175/200cm 10L pot,Images\Hornbeam (CARP)\Pots\CARP-PG-175-200-10L.jpg
Product,CARP-PG-40/60-2L,CARP,Hornbeam 40/60cm 2L pot,Images\Hornbeam (CARP)\Pots\CARP-PG-40-60-2L.jpg
Product,CARP-PG-60/90-2L,CARP,Hornbeam 60/90cm 2L pot,Images\Hornbeam (CARP)\Pots\CARP-PG-60-90-2L.jpg
Product,CARP-PG-80/100-2L,CARP,Hornbeam 80/100cm 2L pot,Images\Hornbeam (CARP)\Pots\CARP-PG-80-100-2L.jpg
Product,CARP-PG-90/120-5L,CARP,Hornbeam 90/120cm 5L pot,Images\Hornbeam (CARP)\Pots\CARP-PG-90-120-5L.jpg
Product,CARP-RB-150/175,CARP,Hornbeam 150/175cm Root ball,Images\Hornbeam (CARP)\Root Balls\CARP-RB-150-175.jpg
Product,CARP-RB-175/200,CARP,Hornbeam 175/200cm Root ball,Images\Hornbeam (CARP)\Root Balls\CARP-RB-175-200.jpg
Product,CARP-RB-200/225,CARP,Hornbeam 200/225cm Root ball,Images\Hornbeam (CARP)\Root Balls\CARP-RB-200-225.jpg
Product,CARP-IH-100/120-40L,CARP,Hornbeam 40L 100/120cm 1 Metre trough,Images\Hornbeam (CARP)\Troughs\CARP-IH-100-120-40L.jpg
Product,CARP-IH-150/175-90L,CARP,Hornbeam 90L 150/175cm 1 Metre trough,Images\Hornbeam (CARP)\Troughs\CARP-IH-150-175-90L.jpg
Product,CEAN-PG-20/40-2L,CEAN,Californian Lilac 20/40cm 2L pot,Images\Ceanothus (CEAN)\Pots\CEAN-PG-20-40-2L.jpg
Product,CEAN-PG-40/60-5L,CEAN,Californian Lilac 40/60cm 5L pot,Images\Ceanothus (CEAN)\Pots\CEAN-PG-40-60-5L.jpg
Product,CHO-PG-20/40-2L,CHO,Mexican Orange Blossom 20/40cm 2L pot,Images\Mexican Orange Blossom (CHO)\Pots\CHO-PG-20-40-2L.jpg
Product,CHO-PG-40/60-5L,CHO,Mexican Orange Blossom 40/60cm 5L pot,Images\Mexican Orange Blossom (CHO)\Pots\CHO-PG-40-60-5L.jpg
Product,CHOS-PG-20/40-2L,CHOS,Golden Mexican Orange Blossom 20/40cm 2L pot,Images\Mexican Orange Blossom - Golden (CHOS)\Pots\CHOS-PG-20-40-2L.jpg
Product,CHOS-PG-40/60-5L,CHOS,Golden Mexican Orange Blossom 40/60cm 5L pot,Images\Mexican Orange Blossom - Golden (CHOS)\Pots\CHOS-PG-40-60-5L.jpg
Product,COAL-BR-40/60,COAL,Red Dogwood 40/60cm bare root,Images\Dogwood - Red Stemmed (COAL)\Bare Roots\COAL-BR-40-60.jpg
Product,COAL-BR-60/90,COAL,Red Dogwood 60/90cm bare root,Images\Dogwood - Red Stemmed (COAL)\Bare Roots\COAL-BR-60-90.jpg
Product,COAL-PG-40/60-2L,COAL,Red Dogwood 40/60cm 2L pot,Images\Dogwood - Red Stemmed (COAL)\Pots\COAL-PG-40-60-2L.jpg
Product,COR-BR-120/150,COR,Hazel 120/150cm bare root,Images\Hazel (COR)\Bare Roots\COR-BR-120-150.jpg
Product,COR-BR-150/200,COR,Hazel 150/200cm bare root,Images\Hazel (COR)\Bare Roots\COR-BR-150-200.jpg
Product,COR-BR-40/60,COR,Hazel 40/60cm bare root,Images\Hazel (COR)\Bare Roots\COR-BR-40-60.jpg
Product,COR-BR-60/90,COR,Hazel 60/90cm bare root,Images\Hazel (COR)\Bare Roots\COR-BR-60-90.jpg
Product,COR-BR-90/120,COR,Hazel 90/120cm bare root,Images\Hazel (COR)\Bare Roots\COR-BR-90-120.jpg
Product,COR-PG-30/50-CG,COR,Hazel 30/50cm Cell grown,Images\Hazel (COR)\Pots\COR-PG-30-50-CG.jpg
Product,COR-PG-40/60-2L,COR,Hazel 40/60cm 2L pot,Images\Hazel (COR)\Pots\COR-PG-40-60-2L.jpg
Product,COR-PG-60/90-2L,COR,Hazel 60/90cm 2L pot,Images\Hazel (COR)\Pots\COR-PG-60-90-2L.jpg
Product,CORS-BR-40/60,CORS,Yellow Dogwood 40/60cm bare root,Images\Dogwood - Yellow Stemmed (CORS)\Bare Roots\CORS-BR-40-60.jpg
Product,CORS-BR-60/90,CORS,Yellow Dogwood 60/90cm bare root,Images\Dogwood - Yellow Stemmed (CORS)\Bare Roots\CORS-BR-60-90.jpg
Product,CORS-PG-40/60-2L,CORS,Yellow Dogwood 40/60 2L pot,Images\Dogwood - Yellow Stemmed (CORS)\Pots\CORS-PG-40-60-2L.jpg
Product,COSA-BR-40/60,COSA,Orange Dogwood 40/60cm bare root,Images\Dogwood - Orange Stemmed (COSA)\Bare Roots\COSA-BR-40-60.jpg
Product,COSA-BR-60/90,COSA,Orange Dogwood 60/90cm bare root,Images\Dogwood - Orange Stemmed (COSA)\Bare Roots\COSA-BR-60-90.jpg
Product,COSA-PG-20/40-CG,COSA,Orange Dogwood 20/40cm Cell grown,Images\Dogwood - Orange Stemmed (COSA)\Pots\COSA-PG-20-40-CG.jpg
Product,COSA-PG-40/60-2L,COSA,Orange Dogwood 40/60cm 2L pot,Images\Dogwood - Orange Stemmed (COSA)\Pots\COSA-PG-40-60-2L.jpg
Product,COSI-BR-40/60,COSI,Vivid Red Dogwood 40/60cm bare root,Images\Dogwood - Vivid Red Stemmed (COSI)\Bare Roots\COSI-BR-40-60.jpg
Product,COSI-BR-60/90,COSI,Vivid Red Dogwood 60/90cm bare root,Images\Dogwood - Vivid Red Stemmed (COSI)\Bare Roots\COSI-BR-60-90.jpg
Product,COSI-PG-40/60-2L,COSI,Vivid Red Dogwood 40/60cm 2L pot,Images\Dogwood - Vivid Red Stemmed (COSI)\Pots\COSI-PG-40-60-2L.jpg
Product,COSI-PG-60/90-2L,COSI,Vivid Red Dogwood 60/90cm 2L pot,Images\Dogwood - Vivid Red Stemmed (COSI)\Pots\COSI-PG-60-90-2L.jpg
Product,COTF-BR-60/100,COTF,Franchet's Cotoneaster 60/100cm bare root,Images\Cotoneaster Franchetii (COTF)\Bare Roots\COTF-BR-60-100.jpg
Product,COTF-PG-40/60-2L,COTF,Franchet's Cotoneaster 40/60cm 2L pot,Images\Cotoneaster Franchetii (COTF)\Pots\COTF-PG-40-60-2L.jpg
Product,COTF-PG-60/90-2L,COTF,Franchet's Cotoneaster 60/90cm 2L pot,Images\Cotoneaster Franchetii (COTF)\Pots\COTF-PG-60-90-2L.jpg
Product,COTF-PG-90/120-5L,COTF,Franchet's Cotoneaster 90/120cm 5L pot,Images\Cotoneaster Franchetii (COTF)\Pots\COTF-PG-90-120-5L.jpg
Product,COTH-PG-20/40-2L,COTH,Wall Cotoneaster 20/40cm 2L pot,Images\Cotoneaster horizontalis (COTH)\Pots\COTH-PG-20-40-2L.jpg
Product,COTH-PG-40/60-5L,COTH,Wall Cotoneaster 40/60cm 5L pot,Images\Cotoneaster horizontalis (COTH)\Pots\COTH-PG-40-60-5L.jpg
Product,COTL-PG-20/40-2L,COTL,Late Cotoneaster 20/40cm 2L pot,Images\Cotoneaster lacteus (COTL)\Pots\COTL-PG-20-40-2L.jpg
Product,COTL-PG-40/60-2L,COTL,Late Cotoneaster 40/60cm 2L pot,Images\Cotoneaster lacteus (COTL)\Pots\COTL-PG-40-60-2L.jpg
Product,COTS-PG-40/60-2L,COTS,Himalayan Cotoneaster 40/60cm 2L pot,Images\Cotoneaster Simonsii (COTS)\Pots\COTS-PG-40-60-2L.jpg
Product,CRA-BR-120/150,CRA,Hawthorn 120/150cm bare root,Images\Hawthorn (CRA)\Bare Roots\CRA-BR-120-150.jpg
Product,CRA-BR-150/175,CRA,Hawthorn 150/175cm bare root,Images\Hawthorn (CRA)\Bare Roots\CRA-BR-150-175.jpg
Product,CRA-BR-175/200,CRA,Hawthorn 175/200cm bare root,Images\Hawthorn (CRA)\Bare Roots\CRA-BR-175-200.jpg
Product,CRA-BR-20/30,CRA,Hawthorn 20/30cm bare root,Images\Hawthorn (CRA)\Bare Roots\CRA-BR-20-30.jpg
Product,CRA-BR-40/60,CRA,Hawthorn 40/60cm bare root,Images\Hawthorn (CRA)\Bare Roots\CRA-BR-40-60.jpg
Product,CRA-BR-60/90,CRA,Hawthorn 60/90cm bare root,Images\Hawthorn (CRA)\Bare Roots\CRA-BR-60-90.jpg
Product,CRA-BR-90/120,CRA,Hawthorn 90/120cm bare root,Images\Hawthorn (CRA)\Bare Roots\CRA-BR-90-120.jpg
Product,CRA-PG-30/50-CG,CRA,Hawthorn 30/50cm Cell grown,Images\Hawthorn (CRA)\Pots\CRA-PG-30-50-CG.jpg
Product,CRA-PG-120/150-5L,CRA,Hawthorn 120/150cm 5L pot,Images\Hawthorn (CRA)\Pots\CRA-PG-120-150-5L.jpg
Product,CRA-PG-150/175-20L,CRA,Hawthorn 150/175cm 20L pot,Images\Hawthorn (CRA)\Pots\CRA-PG-150-175-20L.jpg
Product,CRA-PG-40/60-2L,CRA,Hawthorn 40/60cm 2L pot,Images\Hawthorn (CRA)\Pots\CRA-PG-40-60-2L.jpg
Product,CRA-PG-60/90-2L,CRA,Hawthorn 60/90cm 2L pot,Images\Hawthorn (CRA)\Pots\CRA-PG-60-90-2L.jpg
Product,CRA-PG-90/120-2L,CRA,Hawthorn 90/120cm 2L pot,Images\Hawthorn (CRA)\Pots\CRA-PG-90-120-2L.jpg
Product,CRA-PG-90/120-5L,CRA,Hawthorn 90/120cm 5L pot,Images\Hawthorn (CRA)\Pots\CRA-PG-90-120-5L.jpg
Product,CRA-RB-150/175,CRA,Hawthorn 150/175cm Root ball,Images\Hawthorn (CRA)\Root Balls\CRA-RB-150-175.jpg
Product,CRA-RB-175/200,CRA,Hawthorn 175/200cm Root ball,Images\Hawthorn (CRA)\Root Balls\CRA-RB-175-200.jpg
Product,CRA-IH-100/120-40L,CRA,Hawthorn 40L 100/120cm 1 Metre trough,Images\Hawthorn (CRA)\Troughs\CRA-IH-100-120-40L.jpg
Product,CRA-IH-150/175-90L,CRA,Hawthorn 90L 150/175cm 1 Metre trough,Images\Hawthorn (CRA)\Troughs\CRA-IH-150-175-90L.jpg
Product,CUPL-PG-120/150-10L,CUPL,Golden Leylandii 120/150cm 10L pot,Images\Leylandii - Golden (CUPL)\Pots\CUPL-PG-120-150-10L.jpg
Product,CUPL-PG-120/150-5L,CUPL,Golden Leylandii 120/150cm 5L pot,Images\Leylandii - Golden (CUPL)\Pots\CUPL-PG-120-150-5L.jpg
Product,CUPL-PG-150/175-10L,CUPL,Golden Leylandii 150/175cm 10L pot,Images\Leylandii - Golden (CUPL)\Pots\CUPL-PG-150-175-10L.jpg
Product,CUPL-PG-175/200-10L,CUPL,Golden Leylandii 175/200cm 10L pot,Images\Leylandii - Golden (CUPL)\Pots\CUPL-PG-175-200-10L.jpg
Product,CUPL-PG-200/250-15L,CUPL,Golden Leylandii 200/250cm 15L pot,Images\Leylandii - Golden (CUPL)\Pots\CUPL-PG-200-250-15L.jpg
Product,CUPL-PG-40/60-2L,CUPL,Golden Leylandii 40/60cm 2L pot,Images\Leylandii - Golden (CUPL)\Pots\CUPL-PG-40-60-2L.jpg
Product,CUPL-PG-60/90-2L,CUPL,Golden Leylandii 60/90cm 2L pot,Images\Leylandii - Golden (CUPL)\Pots\CUPL-PG-60-90-2L.jpg
Product,CUPL-PG-90/120-3L,CUPL,Golden Leylandii 90/120cm 3L pot,Images\Leylandii - Golden (CUPL)\Pots\CUPL-PG-90-120-3L.jpg
Product,CUPL-PG-90/120-5L,CUPL,Golden Leylandii 90/120cm 5L pot,Images\Leylandii - Golden (CUPL)\Pots\CUPL-PG-90-120-5L.jpg
Product,CUPM-PG-20/40-2L,CUPM,Monterey Cypress 'Goldcrest' 20/40cm 2L pot,Images\Monterey Cypress 'Goldcrest' (CUPM)\Pots\CUPM-PG-20-40-2L.jpg
Product,CUPM-PG-40/60-5L,CUPM,Monterey Cypress 'Goldcrest' 40/60cm 5L pot,Images\Monterey Cypress 'Goldcrest' (CUPM)\Pots\CUPM-PG-40-60-5L.jpg
Product,ELAG-PG-20/40-2L,ELAG,Oleaster 'Gilt Edge' 20/40cm 2L pot,Images\Oleaster 'Gilt Edge' (ELAG)\Pots\ELAG-PG-20-40-2L.jpg
Product,ELAG-PG-40/60-5L,ELAG,Oleaster 'Gilt Edge' 40/60cm 5L pot,Images\Oleaster 'Gilt Edge' (ELAG)\Pots\ELAG-PG-40-60-5L.jpg
Product,ELAL-PG-20/40-2L,ELAL,Oleaster 'Limelight' 20/40cm 2L pot,Images\Oleaster 'Limelight' (ELAL)\Pots\ELAL-PG-20-40-2L.jpg
Product,ELAL-PG-40/60-5L,ELAL,Oleaster 'Limelight' 40/60cm 5L pot,Images\Oleaster 'Limelight' (ELAL)\Pots\ELAL-PG-40-60-5L.jpg
Product,ELA-PG-40/60-2L,ELA,Oleaster 40/60cm 2L pot,Images\Oleaster (ELA)\Pots\ELA-PG-40-60-2L.jpg
Product,ELA-PG-60/90-2L,ELA,Oleaster 60/90cm 2L pot,Images\Oleaster (ELA)\Pots\ELA-PG-60-90-2L.jpg
Product,ELA-PG-60/90-5L,ELA,Oleaster 60/90cm 5L pot,Images\Oleaster (ELA)\Pots\ELA-PG-60-90-5L.jpg
Product,ELA-PG-90/120-10L,ELA,Oleaster 90/120cm 10L pot,Images\Oleaster (ELA)\Pots\ELA-PG-90-120-10L.jpg
Product,ESCD-PG-20/40-2L,ESCD,Pink Escallonia 20/40cm 2L pot,Images\Escallonia - Pink (ESCD)\Pots\ESCD-PG-20-40-2L.jpg
Product,ESCD-PG-40/60-2L,ESCD,Pink Escallonia 40/60cm 2L pot,Images\Escallonia - Pink (ESCD)\Pots\ESCD-PG-40-60-2L.jpg
Product,ESCD-PG-40/60-5L,ESCD,Pink Escallonia 40/60cm 5L pot,Images\Escallonia - Pink (ESCD)\Pots\ESCD-PG-40-60-5L.jpg
Product,ESCD-PG-60/90-2L,ESCD,Pink Escallonia 60/90cm 2L pot,Images\Escallonia - Pink (ESCD)\Pots\ESCD-PG-60-90-2L.jpg
Product,ESCD-PG-60/90-5L,ESCD,Pink Escallonia 60/90cm 5L pot,Images\Escallonia - Pink (ESCD)\Pots\ESCD-PG-60-90-5L.jpg
Product,ESCI-PG-20/40-2L,ESCI,White Escallonia 20/40cm 2L pot,Images\Escallonia - White (ESCI)\Pots\ESCI-PG-20-40-2L.jpg
Product,ESCI-PG-40/60-2L,ESCI,White Escallonia 40/60cm 2L pot,Images\Escallonia - White (ESCI)\Pots\ESCI-PG-40-60-2L.jpg
Product,ESCI-PG-40/60-5L,ESCI,White Escallonia 40/60cm 5L pot,Images\Escallonia - White (ESCI)\Pots\ESCI-PG-40-60-5L.jpg
Product,ESCI-PG-60/90-2L,ESCI,White Escallonia 60/90cm 2L pot,Images\Escallonia - White (ESCI)\Pots\ESCI-PG-60-90-2L.jpg
Product,ESCI-PG-60/90-5L,ESCI,White Escallonia 60/90cm 5L pot,Images\Escallonia - White (ESCI)\Pots\ESCI-PG-60-90-5L.jpg
Product,ESCR-PG-20/40-2L,ESCR,Red Escallonia 20/40cm 2L pot,Images\Escallonia - Red (ESCR)\Pots\ESCR-PG-20-40-2L.jpg
Product,ESCR-PG-40/60-2L,ESCR,Red Escallonia 40/60cm 2L pot,Images\Escallonia - Red (ESCR)\Pots\ESCR-PG-40-60-2L.jpg
Product,ESCR-PG-40/60-5L,ESCR,Red Escallonia 40/60cm 5L pot,Images\Escallonia - Red (ESCR)\Pots\ESCR-PG-40-60-5L.jpg
Product,ESCR-PG-60/90-2L,ESCR,Red Escallonia 60/90cm 2L pot,Images\Escallonia - Red (ESCR)\Pots\ESCR-PG-60-90-2L.jpg
Product,ESCR-PG-60/90-5L,ESCR,Red Escallonia 60/90cm 5L pot,Images\Escallonia - Red (ESCR)\Pots\ESCR-PG-60-90-5L.jpg
Product,EUJH-PG-20/40-2L,EUJH,Euonymus 'Jean Hugues' 20/40cm 2L pot,Images\Euonymus japonicus 'Jean Hugues' (EUJH)\Pots\EUJH-PG-20-40-2L.jpg
Product,EUJH-PG-40/60-5L,EUJH,Euonymus 'Jean Hugues' 40/60cm 5L pot,Images\Euonymus japonicus 'Jean Hugues' (EUJH)\Pots\EUJH-PG-40-60-5L.jpg
Product,EUOE-PG-15/20-2L,EUOE,Euonymus 'Emerald & Gold' 15/20cm 2L pot,Images\Euonymus fortunei Emerald n Gold Hedge (EUOE)\Pots\EUOE-PG-15-20-2L.jpg
Product,EUOE-PG-20/30-5L,EUOE,Euonymus 'Emerald & Gold' 20/30cm 5L pot,Images\Euonymus fortunei Emerald n Gold Hedge (EUOE)\Pots\EUOE-PG-20-30-5L.jpg
Product,EUOF-PG-15/20-2L,EUOF,Euonymus 'Emerald Gaiety' 15/20cm 2L pot,Images\Euonymus 'Emerald Gaiety' (EUOF)\Pots\EUOF-PG-15-20-2L.jpg
Product,EUOF-PG-20/30-5L,EUOF,Euonymus 'Emerald Gaiety' 20/30cm 5L pot,Images\Euonymus 'Emerald Gaiety' (EUOF)\Pots\EUOF-PG-20-30-5L.jpg
Product,EUOK-PG-20/40-2L,EUOK,Euonymus 'Kathy' 20/40cm 2L pot,Images\Euonymus Kathy (EUOK)\Pots\EUOK-PG-20-40-2L.jpg
Product,EUOK-PG-40/60-5L,EUOK,Euonymus 'Kathy' 40/60cm 5L pot,Images\Euonymus Kathy (EUOK)\Pots\EUOK-PG-40-60-5L.jpg
Product,EUOO-PG-20/40-2L,EUOO,Japanese Spindle 20/40cm 2L pot,Images\Euonymus japonicus 'Ovatus Aureus' (EUOO)\Pots\EUOO-PG-20-40-2L.jpg
Product,EUOO-PG-40/60-5L,EUOO,Japanese Spindle 40/60cm 5L pot,Images\Euonymus japonicus 'Ovatus Aureus' (EUOO)\Pots\EUOO-PG-40-60-5L.jpg
Product,FAGP-BR-120/150,FAGP,Purple Beech 120/150cm bare root,Images\Beech - Purple or Copper (FAGP)\Bare Roots\FAGP-BR-120-150.jpg
Product,FAGP-BR-150/180,FAGP,Purple Beech 150/180cm bare root,Images\Beech - Purple or Copper (FAGP)\Bare Roots\FAGP-BR-150-180.jpg
Product,FAGP-BR-40/60,FAGP,Purple Beech 40/60cm bare root,Images\Beech - Purple or Copper (FAGP)\Bare Roots\FAGP-BR-40-60.jpg
Product,FAGP-BR-60/90,FAGP,Purple Beech 60/90cm bare root,Images\Beech - Purple or Copper (FAGP)\Bare Roots\FAGP-BR-60-90.jpg
Product,FAGP-BR-90/120,FAGP,Purple Beech 90/120cm bare root,Images\Beech - Purple or Copper (FAGP)\Bare Roots\FAGP-BR-90-120.jpg
Product,FAGP-PG-30/50-CG,FAGP,Purple Beech 30/50cm Cell grown,Images\Beech - Purple or Copper (FAGP)\Pots\FAGP-PG-30-50-CG.jpg
Product,FAGP-PG-120/150-5L,FAGP,Purple Beech 120/150cm 5L pot,Images\Beech - Purple or Copper (FAGP)\Pots\FAGP-PG-120-150-5L.jpg
Product,FAGP-PG-40/60-2L,FAGP,Purple Beech 40/60cm 2L pot,Images\Beech - Purple or Copper (FAGP)\Pots\FAGP-PG-40-60-2L.jpg
Product,FAGP-PG-60/90-2L,FAGP,Purple Beech 60/90cm 2L pot,Images\Beech - Purple or Copper (FAGP)\Pots\FAGP-PG-60-90-2L.jpg
Product,FAGP-PG-90/120-3L,FAGP,Purple Beech 90/120cm 3L pot,Images\Beech - Purple or Copper (FAGP)\Pots\FAGP-PG-90-120-3L.jpg
Product,FAGP-PG-90/120-5L,FAGP,Purple Beech 90/120cm 5L pot,Images\Beech - Purple or Copper (FAGP)\Pots\FAGP-PG-90-120-5L.jpg
Product,FAGP-RB-150/175,FAGP,Purple Beech 150/175cm Root ball,Images\Beech - Purple or Copper (FAGP)\Root Balls\FAGP-RB-150-175.jpg
Product,FAGP-RB-175/200,FAGP,Purple Beech 175/200cm Root ball,Images\Beech - Purple or Copper (FAGP)\Root Balls\FAGP-RB-175-200.jpg
Product,FAGP-RB-200/225,FAGP,Purple Beech 200/225cm Root ball,Images\Beech - Purple or Copper (FAGP)\Root Balls\FAGP-RB-200-225.jpg
Product,FAGP-IH-100/120-40L,FAGP,Purple Beech 40L 100/120cm 1 Metre trough,Images\Beech - Purple or Copper (FAGP)\Troughs\FAGP-IH-100-120-40L.jpg
Product,FAGS-BR-120/150,FAGS,Beech 120/150cm bare root,Images\Beech - Green (FAGS)\Bare Roots\FAGS-BR-120-150.jpg
Product,FAGS-BR-150/180,FAGS,Beech 150/180cm bare root,Images\Beech - Green (FAGS)\Bare Roots\FAGS-BR-150-180.jpg
Product,FAGS-BR-180/200,FAGS,Beech 180/200cm bare root,Images\Beech - Green (FAGS)\Bare Roots\FAGS-BR-180-200.jpg
Product,FAGS-BR-40/60,FAGS,Beech 40/60cm bare root,Images\Beech - Green (FAGS)\Bare Roots\FAGS-BR-40-60.jpg
Product,FAGS-BR-60/90,FAGS,Beech 60/90cm bare root,Images\Beech - Green (FAGS)\Bare Roots\FAGS-BR-60-90.jpg
Product,FAGS-BR-90/120,FAGS,Beech 90/120cm bare root,Images\Beech - Green (FAGS)\Bare Roots\FAGS-BR-90-120.jpg
Product,FAGS-PG-30/50-CG,FAGS,Beech 30/50cm Cell grown,Images\Beech - Green (FAGS)\Pots\FAGS-PG-30-50-CG.jpg
Product,FAGS-PG-120/150-5L,FAGS,Beech 120/150cm 5L pot,Images\Beech - Green (FAGS)\Pots\FAGS-PG-120-150-5L.jpg
Product,FAGS-PG-150/175-20L,FAGS,Beech 150/175cm 20L pot,Images\Beech - Green (FAGS)\Pots\FAGS-PG-150-175-20L.jpg
Product,FAGS-PG-175/200-10L,FAGS,Beech 175/200cm 10L pot,Images\Beech - Green (FAGS)\Pots\FAGS-PG-175-200-10L.jpg
Product,FAGS-PG-40/60-2L,FAGS,Beech 40/60cm 2L pot,Images\Beech - Green (FAGS)\Pots\FAGS-PG-40-60-2L.jpg
Product,FAGS-PG-60/90-2L,FAGS,Beech 60/90cm 2L pot,Images\Beech - Green (FAGS)\Pots\FAGS-PG-60-90-2L.jpg
Product,FAGS-PG-90/120-3L,FAGS,Beech 90/120cm 3L pot,Images\Beech - Green (FAGS)\Pots\FAGS-PG-90-120-3L.jpg
Product,FAGS-PG-90/120-5L,FAGS,Beech 90/120cm 5L pot,Images\Beech - Green (FAGS)\Pots\FAGS-PG-90-120-5L.jpg
Product,FAGS-RB-150/175,FAGS,Beech 150/175cm Root ball,Images\Beech - Green (FAGS)\Root Balls\FAGS-RB-150-175.jpg
Product,FAGS-RB-175/200,FAGS,Beech 175/200cm Root ball,Images\Beech - Green (FAGS)\Root Balls\FAGS-RB-175-200.jpg
Product,FAGS-RB-200/225,FAGS,Beech 200/225cm Root ball,Images\Beech - Green (FAGS)\Root Balls\FAGS-RB-200-225.jpg
Product,FAGS-IH-100/120-40L,FAGS,Beech 40L 100/120cm 1 Metre trough,Images\Beech - Green (FAGS)\Troughs\FAGS-IH-100-120-40L.jpg
Product,FAGS-IH-150/175-90L,FAGS,Beech 90L 150/175cm 1 Metre trough,Images\Beech - Green (FAGS)\Troughs\FAGS-IH-150-175-90L.jpg
Product,FOR-BR-60/90,FOR,Forsythia 'Lynwood' 60/90cm bare root,Images\Forsythia (FOR)\Bare Roots\FOR-BR-60-90.jpg
Product,FOR-PG-40/60-2L,FOR,Forsythia 'Lynwood' 40/60cm 2L pot,Images\Forsythia (FOR)\Pots\FOR-PG-40-60-2L.jpg
Product,FOR-PG-60/90-2L,FOR,Forsythia 'Lynwood' 60/90cm 2L pot,Images\Forsythia (FOR)\Pots\FOR-PG-60-90-2L.jpg
Product,FOR-PG-90/120-5L,FOR,Forsythia 'Lynwood' 90/120cm 5L pot,Images\Forsythia (FOR)\Pots\FOR-PG-90-120-5L.jpg
Product,FUCH-PG-25/40-2L,FUCH,Fuschia Magellanica 25/40cm 2L pot,Images\Fuchsia magellanica (FUCH)\Pots\FUCH-PG-25-40-2L.jpg
Product,GRID-PG-40/60-2L,GRID,Griselinia 'Dixons Cream' 40/60cm 2L pot,Images\Griselinia 'Dixons Cream' (GRID)\Pots\GRID-PG-40-60-2L.jpg
Product,GRID-PG-40/60-5L,GRID,Griselinia 'Dixons Cream' 40/60cm 5L pot,Images\Griselinia 'Dixons Cream' (GRID)\Pots\GRID-PG-40-60-5L.jpg
Product,GRID-PG-60/90-2L,GRID,Griselinia 'Dixons Cream' 60/90cm 2L pot,Images\Griselinia 'Dixons Cream' (GRID)\Pots\GRID-PG-60-90-2L.jpg
Product,GRID-PG-60/90-5L,GRID,Griselinia 'Dixons Cream' 60/90cm 5L pot,Images\Griselinia 'Dixons Cream' (GRID)\Pots\GRID-PG-60-90-5L.jpg
Product,GRIS-BR-40/60,GRIS,Griselinia littoralis 40/60cm bare root,Images\Griselinia littoralis (GRIS)\Bare Roots\GRIS-BR-40-60.jpg
Product,GRIS-BR-60/90,GRIS,Griselinia littoralis 60/90cm bare root,Images\Griselinia littoralis (GRIS)\Bare Roots\GRIS-BR-60-90.jpg
Product,GRIS-PG-120/150-10L,GRIS,Griselinia Littoralis 120/150cm 10L pot,Images\Griselinia littoralis (GRIS)\Pots\GRIS-PG-120-150-10L.jpg
Product,GRIS-PG-120/150-20L,GRIS,Griselinia Littoralis 120/150cm 20L pot,Images\Griselinia littoralis (GRIS)\Pots\GRIS-PG-120-150-20L.jpg
Product,GRIS-PG-40/60-2L,GRIS,Griselinia Littoralis 40/60cm 2L pot,Images\Griselinia littoralis (GRIS)\Pots\GRIS-PG-40-60-2L.jpg
Product,GRIS-PG-60/90-2L,GRIS,Griselinia Littoralis 60/90cm 2L pot,Images\Griselinia littoralis (GRIS)\Pots\GRIS-PG-60-90-2L.jpg
Product,GRIS-PG-60/90-5L,GRIS,Griselinia Littoralis 60/90cm 5L pot,Images\Griselinia littoralis (GRIS)\Pots\GRIS-PG-60-90-5L.jpg
Product,GRIS-PG-90/120-20L,GRIS,Griselinia Littoralis 90/120cm 20L pot,Images\Griselinia littoralis (GRIS)\Pots\GRIS-PG-90-120-20L.jpg
Product,GRIS-PG-90/120-5L,GRIS,Griselinia Littoralis 90/120cm 5L pot,Images\Griselinia littoralis (GRIS)\Pots\GRIS-PG-90-120-5L.jpg
Product,HEBM-PG-15/20-2L,HEBM,Hebe Veronica 'Mrs Winder' 15/20cm 2L pot,Images\Hebe 'Mrs Winder' (HEBM)\Pots\HEBM-PG-15-20-2L.jpg
Product,HEBR-PG-15/20-2L,HEBR,Hebe Veronica 'Red Edge' 15/20cm 2L pot,Images\Hebe 'Red Edge' (HEBR)\Pots\HEBR-PG-15-20-2L.jpg
Product,HEBS-PG-15/20-2L,HEBS,Hebe Veronica 'Sutherlandii' 15/20cm 2L pot,Images\Hebe Sutherlandii (HEBS)\Pots\HEBS-PG-15-20-2L.jpg
Product,HIPR-BR-40/60,HIPR,Sea Buckthorn 40/60cm bare root,Images\Sea Buckthorn (HIPR)\Bare Roots\HIPR-BR-40-60.jpg
Product,HIPR-BR-60/90,HIPR,Sea Buckthorn 60/90cm bare root,Images\Sea Buckthorn (HIPR)\Bare Roots\HIPR-BR-60-90.jpg
Product,HIPR-PG-40/60-2L,HIPR,Sea Buckthorn 40/60cm 2L pot,Images\Sea Buckthorn (HIPR)\Pots\HIPR-PG-40-60-2L.jpg
Product,HYP-PG-20/40-2L,HYP,St John's Wart 20/40cm 2L pot,Images\Hypericum hidcote (HYP)\Pots\HYP-PG-20-40-2L.jpg
Product,HYP-PG-40/60-2L,HYP,St John's Wart 40/60cm 2L pot,Images\Hypericum hidcote (HYP)\Pots\HYP-PG-40-60-2L.jpg
Product,HYP-PG-40/60-5L,HYP,St John's Wart 40/60cm 5L pot,Images\Hypericum hidcote (HYP)\Pots\HYP-PG-40-60-5L.jpg
Product,IIVY-PG-60/90-2L,IIVY,Irish Ivy 60/90cm 2L pot,Images\Irish Ivy (IIVY)\Pots\IIVY-PG-60-90-2L.jpg
Product,ILAM-PG-20/40-2L,ILAM,Silver Holly 20/40cm 2L pot,Images\Holly - Silver (ILAM)\Pots\ILAM-PG-20-40-2L.jpg
Product,ILAM-PG-40/60-2L,ILAM,Silver Holly 40/60cm 2L pot,Images\Holly - Silver (ILAM)\Pots\ILAM-PG-40-60-2L.jpg
Product,ILAM-PG-60/90-2L,ILAM,Silver Holly 60/90cm 2L pot,Images\Holly - Silver (ILAM)\Pots\ILAM-PG-60-90-2L.jpg
Product,ILAM-PG-60/90-5L,ILAM,Silver Holly 60/90cm 5L pot,Images\Holly - Silver (ILAM)\Pots\ILAM-PG-60-90-5L.jpg
Product,ILAM-PG-90/120-5L,ILAM,Silver Holly 90/120cm 5L pot,Images\Holly - Silver (ILAM)\Pots\ILAM-PG-90-120-5L.jpg
Product,ILEC-PG-15/20-1.5L,ILEC,Japanese Holly 15/20cm 1.5L pot,Images\Ilex Crenata (ILEC)\Pots\ILEC-PG-15-20-1_5L.jpg
Product,ILEC-PG-20/40-2L,ILEC,Japanese Holly 20/40cm 2L pot,Images\Ilex Crenata (ILEC)\Pots\ILEC-PG-20-40-2L.jpg
Product,ILEC-PG-40/60-5L,ILEC,Japanese Holly 40/60cm 5L pot,Images\Ilex Crenata (ILEC)\Pots\ILEC-PG-40-60-5L.jpg
Product,ILEC-RB-60/80,ILEC,Japanese Holly 60/80cm Root ball,Images\Ilex Crenata (ILEC)\Root Balls\ILEC-RB-60-80.jpg
Product,ILEC-RB-80/100,ILEC,Japanese Holly 80/100cm Root ball,Images\Ilex Crenata (ILEC)\Root Balls\ILEC-RB-80-100.jpg
Product,ILEC-IH-100/120-90L,ILEC,Japanese Holly 90L 100/120cm 1 Metre trough,Images\Ilex Crenata (ILEC)\Troughs\ILEC-IH-100-120-90L.jpg
Product,ILE-BR-20/30,ILE,English Holly 20/30cm bare root,Images\Holly - English (ILE)\Bare Roots\ILE-BR-20-30.jpg
Product,ILE-BR-40/60,ILE,English Holly 40/60cm bare root,Images\Holly - English (ILE)\Bare Roots\ILE-BR-40-60.jpg
Product,ILE-PG-20/40-CG,ILE,English Holly 20/40cm Cell grown,Images\Holly - English (ILE)\Pots\ILE-PG-20-40-CG.jpg
Product,ILE-PG-120/150-10L,ILE,English Holly 120/150cm 10L pot,Images\Holly - English (ILE)\Pots\ILE-PG-120-150-10L.jpg
Product,ILE-PG-120/150-7.5L,ILE,English Holly 120/150cm 7.5L pot,Images\Holly - English (ILE)\Pots\ILE-PG-120-150-7.5L.jpg
Product,ILE-PG-20/40-2L,ILE,English Holly 20/40cm 2L pot,Images\Holly - English (ILE)\Pots\ILE-PG-20-40-2L.jpg
Product,ILE-PG-200/225-25L,ILE,English Holly 200/225cm 25L pot,Images\Holly - English (ILE)\Pots\ILE-PG-200-225-25L.jpg
Product,ILE-PG-40/60-2L,ILE,English Holly 40/60cm 2L pot,Images\Holly - English (ILE)\Pots\ILE-PG-40-60-2L.jpg
Product,ILE-PG-60/90-2L,ILE,English Holly 60/90cm 2L pot,Images\Holly - English (ILE)\Pots\ILE-PG-60-90-2L.jpg
Product,ILE-PG-80/100-5L,ILE,English Holly 80/100cm  pot,Images\Holly - English (ILE)\Pots\ILE-PG-80-100-5L.jpg
Product,ILE-PG-90/120-5L,ILE,English Holly 90/120cm 5L pot,Images\Holly - English (ILE)\Pots\ILE-PG-90-120-5L.jpg
Product,ILE-RB-100/125,ILE,English Holly 100/125cm Root ball,Images\Holly - English (ILE)\Root Balls\ILE-RB-100-125.jpg
Product,ILE-RB-125/150,ILE,English Holly 125/150cm Root ball,Images\Holly - English (ILE)\Root Balls\ILE-RB-125-150.jpg
Product,ILE-RB-150/175,ILE,English Holly 150/175cm Root ball,Images\Holly - English (ILE)\Root Balls\ILE-RB-150-175.jpg
Product,ILE-RB-175/200,ILE,English Holly 175/200cm Root ball,Images\Holly - English (ILE)\Root Balls\ILE-RB-175-200.jpg
Product,ILE-RB-200/225,ILE,English Holly 200/225cm Root ball,Images\Holly - English (ILE)\Root Balls\ILE-RB-200-225.jpg
Product,ILE-RB-80/100,ILE,English Holly 80/100cm Root ball,Images\Holly - English (ILE)\Root Balls\ILE-RB-80-100.jpg
Product,ILE-IH-100/120-40L,ILE,English Holly 40L 100/120cm 1 Metre trough,Images\Holly - English (ILE)\Troughs\ILE-IH-100-120-40L.jpg
Product,ILE-IH-150/175-90L,ILE,English Holly 90L 150/175cm 1 Metre trough,Images\Holly - English (ILE)\Troughs\ILE-IH-150-175-90L.jpg
Product,LAUN-PG-120/150-10L,LAUN,Bay Laurel 120/150cm 10L pot,Images\Laurel - Bay (LAUN)\Pots\LAUN-PG-120-150-10L.jpg
Product,LAUN-PG-150/175-10L,LAUN,Bay Laurel 150/175cm 10L pot,Images\Laurel - Bay (LAUN)\Pots\LAUN-PG-150-175-10L.jpg
Product,LAUN-PG-20/40-2L,LAUN,Bay Laurel 20/40cm 2L pot,Images\Laurel - Bay (LAUN)\Pots\LAUN-PG-20-40-2L.jpg
Product,LAUN-PG-40/60-2L,LAUN,Bay Laurel 40/60cm 2L pot,Images\Laurel - Bay (LAUN)\Pots\LAUN-PG-40-60-2L.jpg
Product,LAUN-PG-60/90-2L,LAUN,Bay Laurel 60/90cm 2L pot,Images\Laurel - Bay (LAUN)\Pots\LAUN-PG-60-90-2L.jpg
Product,LAUN-PG-90/120-5L,LAUN,Bay Laurel 90/120cm 5L pot,Images\Laurel - Bay (LAUN)\Pots\LAUN-PG-90-120-5L.jpg
Product,LAVA-PG-10/20-2L,LAVA,English Lavender 10/20cm 2L pot,Images\Lavender - English (LAVA)\Pots\LAVA-PG-10-20-2L.jpg
Product,LAVA-PG-20/30-5L,LAVA,English Lavender 20/30cm 5L pot,Images\Lavender - English (LAVA)\Pots\LAVA-PG-20-30-5L.jpg
Product,LAVW-PG-10/20-2L,LAVW,White Lavender 10/20cm 2L pot,Images\Lavender - White (LAVW)\Pots\LAVW-PG-10-20-2L.jpg
Product,LAVH-PG-10/20-2L,LAVH,Lavender - Hidcote 10/20cm 2L pot,Images\Lavender - Hidcote (LAVH)\Pots\LAVH-PG-10-20-2L.jpg
Product,LAVH-PG-20/30-5L,LAVH,Lavender - Hidcote 20/30cm 5L pot,Images\Lavender - Hidcote (LAVH)\Pots\LAVH-PG-20-30-5L.jpg
Product,LAVL-PG-10/20-2L,LAVL,Dwarf Lavender 10/20cm 2L pot,Images\Lavender - Dwarf (LAVL)\Pots\LAVL-PG-10-20-2L.jpg
Product,LAVS-PG-10/20-2L,LAVS,French Lavender 10/20cm 2L pot,Images\Lavender - French (LAVS)\Pots\LAVS-PG-10-20-2L.jpg
Product,LAVS-PG-20/30-5L,LAVS,French Lavender 20/30cm 5L pot,Images\Lavender - French (LAVS)\Pots\LAVS-PG-20-30-5L.jpg
Product,LEY-PG-100/125-5L,LEY,Leylandii 100/125cm 5L pot,Images\Leylandii - Green (LEY)\Pots\LEY-PG-100-125-5L.jpg
Product,LEY-PG-100/130-3L,LEY,Leylandii 100/130cm 3L pot,Images\Leylandii - Green (LEY)\Pots\LEY-PG-100-130-3L.jpg
Product,LEY-PG-150/175-10L,LEY,Leylandii 150/175cm 10L pot,Images\Leylandii - Green (LEY)\Pots\LEY-PG-150-175-10L.jpg
Product,LEY-PG-175/200-10L,LEY,Leylandii 175/200cm 10L pot,Images\Leylandii - Green (LEY)\Pots\LEY-PG-175-200-10L.jpg
Product,LEY-PG-200/250-15L,LEY,Leylandii 200/250cm 15L pot,Images\Leylandii - Green (LEY)\Pots\LEY-PG-200-250-15L.jpg
Product,LEY-PG-40/60-2L,LEY,Leylandii 40/60cm 2L pot,Images\Leylandii - Green (LEY)\Pots\LEY-PG-40-60-2L.jpg
Product,LEY-PG-60/90-2L,LEY,Leylandii 60/90cm 2L pot,Images\Leylandii - Green (LEY)\Pots\LEY-PG-60-90-2L.jpg
Product,LEY-PG-70/100-3L,LEY,Leylandii 70/100cm 3L pot,Images\Leylandii - Green (LEY)\Pots\LEY-PG-70-100-3L.jpg
Product,LEY-PG-90/120-5L,LEY,Leylandii 90/120cm 5L pot,Images\Leylandii - Green (LEY)\Pots\LEY-PG-90-120-5L.jpg
Product,LEY-RB-150/175,LEY,Leylandii 150/175cm Root ball,Images\Leylandii - Green (LEY)\Root Balls\LEY-RB-150-175.jpg
Product,LEY-RB-175/200,LEY,Leylandii 175/200cm Root ball,Images\Leylandii - Green (LEY)\Root Balls\LEY-RB-175-200.jpg
Product,LEY-RB-200/225,LEY,Leylandii 200/225cm Root ball,Images\Leylandii - Green (LEY)\Root Balls\LEY-RB-200-225.jpg
Product,LEY-RB-225/250,LEY,Leylandii 225/250cm Root ball,Images\Leylandii - Green (LEY)\Root Balls\LEY-RB-225-250.jpg
Product,LIGA-BR-30/40,LIGA,Golden Privet 30/40cm bare root,Images\Privet - Golden (LIGA)\Bare Roots\LIGA-BR-30-40.jpg
Product,LIGA-BR-40/60,LIGA,Golden Privet 40/60cm bare root,Images\Privet - Golden (LIGA)\Bare Roots\LIGA-BR-40-60.jpg
Product,LIGA-BR-60/90,LIGA,Golden Privet 60/90cm bare root,Images\Privet - Golden (LIGA)\Bare Roots\LIGA-BR-60-90.jpg
Product,LIGA-PG-40/60-2L,LIGA,Golden Privet 40/60cm 2L pot,Images\Privet - Golden (LIGA)\Pots\LIGA-PG-40-60-2L.jpg
Product,LIGA-PG-60/90-2L,LIGA,Golden Privet 60/90cm 2L pot,Images\Privet - Golden (LIGA)\Pots\LIGA-PG-60-90-2L.jpg
Product,LIGA-PG-90/120-5L,LIGA,Golden Privet 90/120cm 5L pot,Images\Privet - Golden (LIGA)\Pots\LIGA-PG-90-120-5L.jpg
Product,LIGA-IH-100/120-40L,LIGA,Golden Privet 40L 100/120cm 1 Metre trough,Images\Privet - Golden (LIGA)\Troughs\LIGA-IH-100-120-40L.jpg
Product,LIGO-BR-120/150,LIGO,Privet 120/150cm bare root,Images\Privet - Green (LIGO)\Bare Roots\LIGO-BR-120-150.jpg
Product,LIGO-BR-30/40,LIGO,Privet 30/40cm bare root,Images\Privet - Green (LIGO)\Bare Roots\LIGO-BR-30-40.jpg
Product,LIGO-BR-40/60,LIGO,Privet 40/60cm bare root,Images\Privet - Green (LIGO)\Bare Roots\LIGO-BR-40-60.jpg
Product,LIGO-BR-60/90,LIGO,Privet 60/90cm bare root,Images\Privet - Green (LIGO)\Bare Roots\LIGO-BR-60-90.jpg
Product,LIGO-BR-90/120,LIGO,Privet 90/120cm bare root,Images\Privet - Green (LIGO)\Bare Roots\LIGO-BR-90-120.jpg
Product,LIGO-PG-120/150-10L,LIGO,Common Privet 120/150cm 10L pot,Images\Privet - Green (LIGO)\Pots\LIGO-PG-120-150-10L.jpg
Product,LIGO-PG-120/150-5L,LIGO,Common Privet 120/150cm 5L pot,Images\Privet - Green (LIGO)\Pots\LIGO-PG-120-150-5L.jpg
Product,LIGO-PG-150/175-10L,LIGO,Common Privet 150/175cm 10L pot,Images\Privet - Green (LIGO)\Pots\LIGO-PG-150-175-10L.jpg
Product,LIGO-PG-175/200-10L,LIGO,Common Privet 175/200cm 10L pot,Images\Privet - Green (LIGO)\Pots\LIGO-PG-175-200-10L.jpg
Product,LIGO-PG-40/60-2L,LIGO,Common Privet 40/60cm 2L pot,Images\Privet - Green (LIGO)\Pots\LIGO-PG-40-60-2L.jpg
Product,LIGO-PG-60/90-2L,LIGO,Common Privet 60/90cm 2L pot,Images\Privet - Green (LIGO)\Pots\LIGO-PG-60-90-2L.jpg
Product,LIGO-PG-90/120-5L,LIGO,Common Privet 90/120cm 5L pot,Images\Privet - Green (LIGO)\Pots\LIGO-PG-90-120-5L.jpg
Product,LIGO-RB-100/125,LIGO,Privet 100/125cm Root ball,Images\Privet - Green (LIGO)\Root Balls\LIGO-RB-100-125.jpg
Product,LIGO-RB-125/150,LIGO,Privet 125/150cm Root ball,Images\Privet - Green (LIGO)\Root Balls\LIGO-RB-125-150.jpg
Product,LIGO-RB-150/175,LIGO,Privet 150/175cm Root ball,Images\Privet - Green (LIGO)\Root Balls\LIGO-RB-150-175.jpg
Product,LIGO-RB-175/200,LIGO,Privet 175/200cm Root ball,Images\Privet - Green (LIGO)\Root Balls\LIGO-RB-175-200.jpg
Product,LIGO-RB-200/225,LIGO,Privet 200/225cm Root ball,Images\Privet - Green (LIGO)\Root Balls\LIGO-RB-200-225.jpg
Product,LIGO-RB-225/250,LIGO,Privet 225/250cm Root ball,Images\Privet - Green (LIGO)\Root Balls\LIGO-RB-225-250.jpg
Product,LIGO-IH-100/120-40L,LIGO,Privet 40L 100/120cm 1 Metre trough,Images\Privet - Green (LIGO)\Troughs\LIGO-IH-100-120-40L.jpg
Product,LIGO-IH-150/175-90L,LIGO,Privet 90L 150/175cm 1 Metre trough,Images\Privet - Green (LIGO)\Troughs\LIGO-IH-150-175-90L.jpg
Product,LIG-BR-40/60,LIG,Wild Privet 40/60cm bare root,Images\Privet - Wild (LIG)\Bare Roots\LIG-BR-40-60.jpg
Product,LIG-BR-60/90,LIG,Wild Privet 60/90cm bare root,Images\Privet - Wild (LIG)\Bare Roots\LIG-BR-60-90.jpg
Product,LIG-BR-90/120,LIG,Wild Privet 90/120cm bare root,Images\Privet - Wild (LIG)\Bare Roots\LIG-BR-90-120.jpg
Product,LIG-PG-20/40-CG,LIG,Wild Privet 20/40cm Cell grown,Images\Privet - Wild (LIG)\Pots\LIG-PG-20-40-CG.jpg
Product,LIG-PG-40/60-2L,LIG,Wild Privet 40/60cm 2L pot,Images\Privet - Wild (LIG)\Pots\LIG-PG-40-60-2L.jpg
Product,LIG-RB-150/175,LIG,Wild Privet 150/175cm Root ball,Images\Privet - Wild (LIG)\Root Balls\LIG-RB-150-175.jpg
Product,LIG-RB-175/200,LIG,Wild Privet 175/200cm Root ball,Images\Privet - Wild (LIG)\Root Balls\LIG-RB-175-200.jpg
Product,LIG-RB-200/225,LIG,Wild Privet 200/225cm Root ball,Images\Privet - Wild (LIG)\Root Balls\LIG-RB-200-225.jpg
Product,LONN-PG-20/40-2L,LONN,Golden Honeysuckle 20/40cm 2L pot,Images\Lonicera nitida 'Baggesen's Gold' (LONN)\Pots\LONN-PG-20-40-2L.jpg
Product,LONN-PG-40/60-5L,LONN,Golden Honeysuckle 40/60cm 5L pot,Images\Lonicera nitida 'Baggesen's Gold' (LONN)\Pots\LONN-PG-40-60-5L.jpg
Product,LON-BR-30/40,LON,Lonicera nitida 30/45cm bare root,Images\Lonicera nitida (LON)\Bare Roots\LON-BR-30-40.jpg
Product,LON-PG-15/20-CG,LON,Lonicera nitida 15/20cm Cell grown,Images\Lonicera nitida (LON)\Pots\LON-PG-15-20-CG.jpg
Product,LON-PG-20/40-2L,LON,Lonicera nitida 20/40cm 2L pot,Images\Lonicera nitida (LON)\Pots\LON-PG-20-40-2L.jpg
Product,LON-PG-40/60-2L,LON,Lonicera nitida 40/60cm 2L pot,Images\Lonicera nitida (LON)\Pots\LON-PG-40-60-2L.jpg
Product,LON-PG-40/60-5L,LON,Lonicera nitida 40/60cm 5L pot,Images\Lonicera nitida (LON)\Pots\LON-PG-40-60-5L.jpg
Product,LON-PG-60/90-2L,LON,Lonicera nitida 60/90cm 2L pot,Images\Lonicera nitida (LON)\Pots\LON-PG-60-90-2L.jpg
Product,LON-PG-60/90-5L,LON,Lonicera nitida 60/90cm 5L pot,Images\Lonicera nitida (LON)\Pots\LON-PG-60-90-5L.jpg
Product,LON-IH-100/120-90L,LON,Lonicera nitida 90L 100/120cm 1 Metre trough,Images\Lonicera nitida (LON)\Troughs\LON-IH-100-120-90L.jpg
Product,LONP-BR-30/45,LONP,Lonicera pileata 30/45cm bare root,Images\Lonicera pileata (LONP)\Bare Roots\LONP-BR-30-45.jpg
Product,LONP-PG-20/40-2L,LONP,Lonicera pileata 20/40cm 2L pot,Images\Lonicera pileata (LONP)\Pots\LONP-PG-20-40-2L.jpg
Product,MAL-BR-120/150,MAL,Crab Apple 120/150cm bare root,Images\Crab Apple (MAL)\Bare Roots\MAL-BR-120-150.jpg
Product,MAL-BR-150/200,MAL,Crab Apple 150/200cm bare root,Images\Crab Apple (MAL)\Bare Roots\MAL-BR-150-200.jpg
Product,MAL-BR-40/60,MAL,Crab Apple 40/60cm bare root,Images\Crab Apple (MAL)\Bare Roots\MAL-BR-40-60.jpg
Product,MAL-BR-60/90,MAL,Crab Apple 60/90cm bare root,Images\Crab Apple (MAL)\Bare Roots\MAL-BR-60-90.jpg
Product,MAL-BR-90/120,MAL,Crab Apple 90/120cm bare root,Images\Crab Apple (MAL)\Bare Roots\MAL-BR-90-120.jpg
Product,MAL-PG-30/50-CG,MAL,Crab Apple 30/50cm Cell grown,Images\Crab Apple (MAL)\Pots\MAL-PG-30-50-CG.jpg
Product,MAL-PG-40/60-2L,MAL,Crab Apple 40/60cm 2L pot,Images\Crab Apple (MAL)\Pots\MAL-PG-40-60-2L.jpg
Product,OLE-PG-20/40-2L,OLE,Daisy Bush 20/40cm 2L pot,Images\Daisy Bush (OLE)\Pots\OLE-PG-20-40-2L.jpg
Product,OSM-PG-40/60-2L,OSM,Burkwood Osmanthus 40/60cm 2L pot,Images\Osmanthus burkwoodii (OSM)\Pots\OSM-PG-40-60-2L.jpg
Product,OSM-PG-60/90-5L,OSM,Burkwood Osmanthus 60/90cm 5L pot,Images\Osmanthus burkwoodii (OSM)\Pots\OSM-PG-60-90-5L.jpg
Product,PHIL-PG-40/60-2L,PHIL,"Mock Orange 'Belle Etoile"" 40/60cm 2L pot",Images\Philadelphus 'Belle Etoile' (PHIL)\Pots\PHIL-PG-40-60-2L.jpg
Product,PHO-PG-15/20-CG,PHO,Photinia 'Red Robin' 15/20cm Cell grown,Images\Photinia Red Robin (PHO)\Pots\PHO-PG-15-20-CG.jpg
Product,PHO-PG-120/150-10L,PHO,Photinia 'Red Robin' 120/150cm 10L pot,Images\Photinia Red Robin (PHO)\Pots\PHO-PG-120-150-10L.jpg
Product,PHO-PG-150/175-15L,PHO,Photinia 'Red Robin' 150/175cm 15L pot,Images\Photinia Red Robin (PHO)\Pots\PHO-PG-150-175-15L.jpg
Product,PHO-PG-175/200-15L,PHO,Photinia 'Red Robin' 175/200cm 15L pot,Images\Photinia Red Robin (PHO)\Pots\PHO-PG-175-200-15L.jpg
Product,PHO-PG-30/40-2L,PHO,Photinia 'Red Robin' 30/40cm 2L pot,Images\Photinia Red Robin (PHO)\Pots\PHO-PG-30-40-2L.jpg
Product,PHO-PG-40/60-2L,PHO,Photinia 'Red Robin' 40/60cm 2L pot,Images\Photinia Red Robin (PHO)\Pots\PHO-PG-40-60-2L.jpg
Product,PHO-PG-60/90-3L,PHO,Photinia 'Red Robin' 60/90cm 3L pot,Images\Photinia Red Robin (PHO)\Pots\PHO-PG-60-90-3L.jpg
Product,PHO-PG-60/90-5L,PHO,Photinia 'Red Robin' 60/90cm 5L pot,Images\Photinia Red Robin (PHO)\Pots\PHO-PG-60-90-5L.jpg
Product,PHO-PG-90/120-10L,PHO,Photinia 'Red Robin' 90/120cm 10L pot,Images\Photinia Red Robin (PHO)\Pots\PHO-PG-90-120-10L.jpg
Product,PHO-PG-90/120-5L,PHO,Photinia 'Red Robin' 90/120cm 5L pot,Images\Photinia Red Robin (PHO)\Pots\PHO-PG-90-120-5L.jpg
Product,PHO-RB-100/125,PHO,Photinia 'Red Robin' 100/125cm Root ball,Images\Photinia Red Robin (PHO)\Root Balls\PHO-RB-100-125.jpg
Product,PHO-RB-125/150,PHO,Photinia 'Red Robin' 125/150cm Root ball,Images\Photinia Red Robin (PHO)\Root Balls\PHO-RB-125-150.jpg
Product,PHO-RB-150/175,PHO,Photinia 'Red Robin' 150/175cm Root ball,Images\Photinia Red Robin (PHO)\Root Balls\PHO-RB-150-175.jpg
Product,PHO-RB-175/200,PHO,Photinia 'Red Robin' 175/200cm Root ball,Images\Photinia Red Robin (PHO)\Root Balls\PHO-RB-175-200.jpg
Product,PHO-RB-200/225,PHO,Photinia 'Red Robin' 200/225cm Root ball,Images\Photinia Red Robin (PHO)\Root Balls\PHO-RB-200-225.jpg
Product,PHO-IH-90/120-40L,PHO,Photinia 'Red Robin' 40L 90/120cm 1 Metre trough,Images\Photinia Red Robin (PHO)\Troughs\PHO-IH-90-120-40L.jpg
Product,PHO-IH-150/175-90L,PHO,Photinia 'Red Robin' 90L 150/175cm 1 Metre trough,Images\Photinia Red Robin (PHO)\Troughs\PHO-IH-150-175-90L.jpg
Product,PHYA-PG-150/200-10L,PHYA,Golden Bamboo 150/200cm 10L pot,Images\Bamboo - Golden (PHYA)\Pots\PHYA-PG-150-200-10L.jpg
Product,PHYB-PG-150/200-10L,PHYB,Green Bamboo 150/200cm 10L pot,Images\Bamboo - Green (PHYB)\Pots\PHYB-PG-150-200-10L.jpg
Product,PHYJ-PG-50/70-5L,PHYJ,Umbrella Bamboo 50/70cm 5L pot,Images\Bamboo - Umbrella (PHYJ)\Pots\PHYJ-PG-50-70-5L.jpg
Product,PHYN-PG-150/200-10L,PHYN,Black Bamboo 150/200cm 10L pot,Images\Bamboo - Black (PHYN)\Pots\PHYN-PG-150-200-10L.jpg
Product,PLRR-PG-20/40-2L,PLRR,Photinia 'Little Red Robin' 20/40cm 2L pot,Images\Photinia 'Little Red Robin' (PLRR)\Pots\PLRR-PG-20-40-2L.jpg
Product,PLRR-PG-40/60-2L,PLRR,Photinia 'Little Red Robin' 40/60cm 2L pot,Images\Photinia 'Little Red Robin' (PLRR)\Pots\PLRR-PG-40-60-2L.jpg
Product,PLRR-PG-40/60-5L,PLRR,Photinia 'Little Red Robin' 40/60cm 5L pot,Images\Photinia 'Little Red Robin' (PLRR)\Pots\PLRR-PG-40-60-5L.jpg
Product,POTP-PG-20/40-2L,POTP,Pink Potentilla 20/40cm 2L pot,Images\Potentilla Pink (POTP)\Pots\POTP-PG-20-40-2L.jpg
Product,POTT-PG-20/40-2L,POTT,Orange Potentilla 20/40cm 2L pot,Images\Potentilla Tangerine (POTT)\Pots\POTT-PG-20-40-2L.jpg
Product,POTW-PG-20/40-2L,POTW,White Potentilla 20/40cm 2L pot,Images\Potentilla White (POTW)\Pots\POTW-PG-20-40-2L.jpg
Product,POTY-PG-20/40-2L,POTY,Yellow Potentilla 20/40cm 2L pot,Images\Potentilla Yellow (POTY)\Pots\POTY-PG-20-40-2L.jpg
Product,PRLC-PG-120/150-10L,PRLC,Laurel 'Caucasica' 120/150cm 10L pot,Images\Laurel - Caucasica (PRLC)\Pots\PRLC-PG-120-150-10L.jpg
Product,PRLC-PG-150/175-10L,PRLC,Laurel 'Caucasica' 150/175cm 10L pot,Images\Laurel - Caucasica (PRLC)\Pots\PRLC-PG-150-175-10L.jpg
Product,PRLC-PG-40/60-2L,PRLC,Laurel 'Caucasica' 40/60cm 2L pot,Images\Laurel - Caucasica (PRLC)\Pots\PRLC-PG-40-60-2L.jpg
Product,PRLC-PG-60/90-5L,PRLC,Laurel 'Caucasica' 60/90cm 5L pot,Images\Laurel - Caucasica (PRLC)\Pots\PRLC-PG-60-90-5L.jpg
Product,PRLE-PG-20/40-2L,PRLE,Laurel Etna 20/40cm 2L pot,Images\Laurel - Etna (PRLE)\Pots\PRLE-PG-20-40-2L.jpg
Product,PRLE-PG-40/60-5L,PRLE,Laurel Etna 40/60cm 5L pot,Images\Laurel - Etna (PRLE)\Pots\PRLE-PG-40-60-5L.jpg
Product,PRLE-PG-60/90-10L,PRLE,Laurel Etna 60/90cm 10L pot,Images\Laurel - Etna (PRLE)\Pots\PRLE-PG-60-90-10L.jpg
Product,PRLO-BR-20/30,PRLO,Compact laurel 20/30cm bare root,Images\Laurel - Compact (PRLO)\Bare Roots\PRLO-BR-20-30.jpg
Product,PRLO-BR-30/50,PRLO,Compact laurel 30/50cm bare root,Images\Laurel - Compact (PRLO)\Bare Roots\PRLO-BR-30-50.jpg
Product,PRLO-PG-20/40-2L,PRLO,Compact Laurel Hedging 20/40cm 2L pot,Images\Laurel - Compact (PRLO)\Pots\PRLO-PG-20-40-2L.jpg
Product,PRLO-PG-40/60-5L,PRLO,Compact Laurel Hedging 40/60cm 5L pot,Images\Laurel - Compact (PRLO)\Pots\PRLO-PG-40-60-5L.jpg
Product,PRLR-BR-30/40,PRLR,Cherry laurel 30/40cm bare root,Images\Laurel - Cherry (PRLR)\Bare Roots\PRLR-BR-30-40.jpg
Product,PRLR-BR-40/60,PRLR,Cherry laurel 40/60cm bare root,Images\Laurel - Cherry (PRLR)\Bare Roots\PRLR-BR-40-60.jpg
Product,PRLR-BR-50/80,PRLR,Cherry laurel 50/80cm bare root,Images\Laurel - Cherry (PRLR)\Bare Roots\PRLR-BR-50-80.jpg
Product,PRLR-BR-80/100,PRLR,Cherry laurel 80/100cm bare root,Images\Laurel - Cherry (PRLR)\Bare Roots\PRLR-BR-80-100.jpg
Product,PRLR-PG-15/30-CG,PRLR,Cherry Laurel 15/30cm Cell grown,Images\Laurel - Cherry (PRLR)\Pots\PRLR-PG-15-30-CG.jpg
Product,PRLR-PG-120/150-10L,PRLR,Cherry Laurel 120/150cm 10L pot,Images\Laurel - Cherry (PRLR)\Pots\PRLR-PG-120-150-10L.jpg
Product,PRLR-PG-150/175-15L,PRLR,Cherry Laurel 150/175cm 15L pot,Images\Laurel - Cherry (PRLR)\Pots\PRLR-PG-150-175-15L.jpg
Product,PRLR-PG-175/200-15L,PRLR,Cherry Laurel 175/200cm 15L pot,Images\Laurel - Cherry (PRLR)\Pots\PRLR-PG-175-200-15L.jpg
Product,PRLR-PG-20/40-2L,PRLR,Cherry Laurel 20/40cm 2L pot,Images\Laurel - Cherry (PRLR)\Pots\PRLR-PG-20-40-2L.jpg
Product,PRLR-PG-40/60-2L,PRLR,Cherry Laurel 40/60cm 2L pot,Images\Laurel - Cherry (PRLR)\Pots\PRLR-PG-40-60-2L.jpg
Product,PRLR-PG-60/90-2L,PRLR,Cherry Laurel 60/90cm 2L pot,Images\Laurel - Cherry (PRLR)\Pots\PRLR-PG-60-90-2L.jpg
Product,PRLR-PG-90/120-10L,PRLR,Cherry Laurel 90/120cm 10L pot,Images\Laurel - Cherry (PRLR)\Pots\PRLR-PG-90-120-10L.jpg
Product,PRLR-PG-90/120-5L,PRLR,Cherry Laurel 90/120cm 5L pot,Images\Laurel - Cherry (PRLR)\Pots\PRLR-PG-90-120-5L.jpg
Product,PRLR-RB-100/125,PRLR,Cherry laurel 100/125cm Root ball,Images\Laurel - Cherry (PRLR)\Root Balls\PRLR-RB-100-125.jpg
Product,PRLR-RB-125/150,PRLR,Cherry laurel 125/150cm Root ball,Images\Laurel - Cherry (PRLR)\Root Balls\PRLR-RB-125-150.jpg
Product,PRLR-RB-150/175,PRLR,Cherry laurel 150/175cm Root ball,Images\Laurel - Cherry (PRLR)\Root Balls\PRLR-RB-150-175.jpg
Product,PRLR-RB-175/200,PRLR,Cherry laurel 175/200cm Root ball,Images\Laurel - Cherry (PRLR)\Root Balls\PRLR-RB-175-200.jpg
Product,PRLR-RB-200/225,PRLR,Cherry laurel 200/225cm Root ball,Images\Laurel - Cherry (PRLR)\Root Balls\PRLR-RB-200-225.jpg
Product,PRLR-RB-60/80,PRLR,Cherry laurel 60/80cm Root ball,Images\Laurel - Cherry (PRLR)\Root Balls\PRLR-RB-60-80.jpg
Product,PRLR-RB-80/100,PRLR,Cherry laurel 80/100cm Root ball,Images\Laurel - Cherry (PRLR)\Root Balls\PRLR-RB-80-100.jpg
Product,PRLR-IH-100/120-40L,PRLR,Cherry Laurel 40L 100/120cm 1 Metre trough,Images\Laurel - Cherry (PRLR)\Troughs\PRLR-IH-100-120-40L.jpg
Product,PRLR-IH-150/175-90L,PRLR,Cherry Laurel 90L 150/175cm 1 Metre trough,Images\Laurel - Cherry (PRLR)\Troughs\PRLR-IH-150-175-90L.jpg
Product,PRUA-BR-120/150,PRUA,Wild Cherry 120/150cm bare root,Images\Wild Cherry (PRUA)\Bare Roots\PRUA-BR-120-150.jpg
Product,PRUA-BR-150/200,PRUA,Wild Cherry 150/200cm bare root,Images\Wild Cherry (PRUA)\Bare Roots\PRUA-BR-150-200.jpg
Product,PRUA-BR-40/60,PRUA,Wild Cherry 40/60cm bare root,Images\Wild Cherry (PRUA)\Bare Roots\PRUA-BR-40-60.jpg
Product,PRUA-BR-60/90,PRUA,Wild Cherry 60/90cm bare root,Images\Wild Cherry (PRUA)\Bare Roots\PRUA-BR-60-90.jpg
Product,PRUA-BR-90/120,PRUA,Wild Cherry 90/120cm bare root,Images\Wild Cherry (PRUA)\Bare Roots\PRUA-BR-90-120.jpg
Product,PRUA-PG-30/50-CG,PRUA,Wild Cherry 30/50cm Cell grown,Images\Wild Cherry (PRUA)\Pots\PRUA-PG-30-50-CG.jpg
Product,PRUA-PG-40/60-2L,PRUA,Wild Cherry 40/60cm 2L pot,Images\Wild Cherry (PRUA)\Pots\PRUA-PG-40-60-2L.jpg
Product,PRUC-PG-40/60-2L,PRUC,Purple Leaf Sand Cherry 40/60cm 2L pot,Images\Prunus x cistena (PRUC)\Pots\PRUC-PG-40-60-2L.jpg
Product,PRUC-PG-60/90-2L,PRUC,Purple Leaf Sand Cherry 60/90cm 2L pot,Images\Prunus x cistena (PRUC)\Pots\PRUC-PG-60-90-2L.jpg
Product,PRUC-PG-90/120-5L,PRUC,Purple Leaf Sand Cherry 90/120cm 5L pot,Images\Prunus x cistena (PRUC)\Pots\PRUC-PG-90-120-5L.jpg
Product,PRUL-BR-20/40,PRUL,Portuguese laurel 20/40cm bare root,Images\Laurel - Portuguese (PRUL)\Bare Roots\PRUL-BR-20-40.jpg
Product,PRUL-PG-15/30-CG,PRUL,Portuguese Laurel 15/30cm Cell grown,Images\Laurel - Portuguese (PRUL)\Pots\PRUL-PG-15-30-CG.jpg
Product,PRUL-PG-120/150-15L,PRUL,Portuguese Laurel 120/150cm 15L pot,Images\Laurel - Portuguese (PRUL)\Pots\PRUL-PG-120-150-15L.jpg
Product,PRUL-PG-150/175-20L,PRUL,Portuguese Laurel 150/175cm 20L pot,Images\Laurel - Portuguese (PRUL)\Pots\PRUL-PG-150-175-20L.jpg
Product,PRUL-PG-20/40-2L,PRUL,Portuguese Laurel 20/40cm 2L pot,Images\Laurel - Portuguese (PRUL)\Pots\PRUL-PG-20-40-2L.jpg
Product,PRUL-PG-40/60-2L,PRUL,Portuguese Laurel 40/60cm 2L pot,Images\Laurel - Portuguese (PRUL)\Pots\PRUL-PG-40-60-2L.jpg
Product,PRUL-PG-60/90-2L,PRUL,Portuguese Laurel 60/90cm 2L pot,Images\Laurel - Portuguese (PRUL)\Pots\PRUL-PG-60-90-2L.jpg
Product,PRUL-PG-60/90-5L,PRUL,Portuguese Laurel 60/90cm 5L pot,Images\Laurel - Portuguese (PRUL)\Pots\PRUL-PG-60-90-5L.jpg
Product,PRUL-PG-80/100-5L,PRUL,Portuguese Laurel 80/100cm 5L pot,Images\Laurel - Portuguese (PRUL)\Pots\PRUL-PG-80-100-5L.jpg
Product,PRUL-PG-90/120-10L,PRUL,Portuguese Laurel 90/120cm 10L pot,Images\Laurel - Portuguese (PRUL)\Pots\PRUL-PG-90-120-10L.jpg
Product,PRUL-RB-100/125,PRUL,Portuguese laurel 100/125cm Root ball,Images\Laurel - Portuguese (PRUL)\Root Balls\PRUL-RB-100-125.jpg
Product,PRUL-RB-125/150,PRUL,Portuguese laurel 125/150cm Root ball,Images\Laurel - Portuguese (PRUL)\Root Balls\PRUL-RB-125-150.jpg
Product,PRUL-RB-150/175,PRUL,Portuguese laurel 150/175cm Root ball,Images\Laurel - Portuguese (PRUL)\Root Balls\PRUL-RB-150-175.jpg
Product,PRUL-RB-175/200,PRUL,Portuguese laurel 175/200cm Root ball,Images\Laurel - Portuguese (PRUL)\Root Balls\PRUL-RB-175-200.jpg
Product,PRUL-RB-200/225,PRUL,Portuguese laurel 200/225cm Root ball,Images\Laurel - Portuguese (PRUL)\Root Balls\PRUL-RB-200-225.jpg
Product,PRUL-RB-60/80,PRUL,Portuguese laurel 60/80cm Root ball,Images\Laurel - Portuguese (PRUL)\Root Balls\PRUL-RB-60-80.jpg
Product,PRUL-RB-80/100,PRUL,Portuguese laurel 80/100cm Root ball,Images\Laurel - Portuguese (PRUL)\Root Balls\PRUL-RB-80-100.jpg
Product,PRUL-IH-100/120-40L,PRUL,Portuguese Laurel 40L 100/120cm 1 Metre trough,Images\Laurel - Portuguese (PRUL)\Troughs\PRUL-IH-100-120-40L.jpg
Product,PRUL-IH-150/175-90L,PRUL,Portuguese Laurel 90L 150/175cm 1 Metre trough,Images\Laurel - Portuguese (PRUL)\Troughs\PRUL-IH-150-175-90L.jpg
Product,PRUP-BR-120/150,PRUP,Bird Cherry 120/150cm bare root,Images\Bird Cherry (PRUP)\Bare Roots\PRUP-BR-120-150.jpg
Product,PRUP-BR-150/200,PRUP,Bird Cherry 150/200cm bare root,Images\Bird Cherry (PRUP)\Bare Roots\PRUP-BR-150-200.jpg
Product,PRUP-BR-40/60,PRUP,Bird Cherry 40/60cm bare root,Images\Bird Cherry (PRUP)\Bare Roots\PRUP-BR-40-60.jpg
Product,PRUP-BR-60/90,PRUP,Bird Cherry 60/90cm bare root,Images\Bird Cherry (PRUP)\Bare Roots\PRUP-BR-60-90.jpg
Product,PRUP-BR-90/120,PRUP,Bird Cherry 90/120cm bare root,Images\Bird Cherry (PRUP)\Bare Roots\PRUP-BR-90-120.jpg
Product,PRUP-PG-30/50-CG,PRUP,Bird Cherry 30/50cm Cell grown,Images\Bird Cherry (PRUP)\Pots\PRUP-PG-30-50-CG.jpg
Product,PRUP-PG-40/60-2L,PRUP,Bird Cherry 40/60cm 2L pot,Images\Bird Cherry (PRUP)\Pots\PRUP-PG-40-60-2L.jpg
Product,PRUS-BR-120/150,PRUS,Blackthorn 120/150cm bare root,Images\Blackthorn (PRUS)\Bare Roots\PRUS-BR-120-150.jpg
Product,PRUS-BR-150/200,PRUS,Blackthorn 150/200cm bare root,Images\Blackthorn (PRUS)\Bare Roots\PRUS-BR-150-200.jpg
Product,PRUS-BR-40/60,PRUS,Blackthorn 40/60cm bare root,Images\Blackthorn (PRUS)\Bare Roots\PRUS-BR-40-60.jpg
Product,PRUS-BR-60/90,PRUS,Blackthorn 60/90cm bare root,Images\Blackthorn (PRUS)\Bare Roots\PRUS-BR-60-90.jpg
Product,PRUS-BR-90/120,PRUS,Blackthorn 90/120cm bare root,Images\Blackthorn (PRUS)\Bare Roots\PRUS-BR-90-120.jpg
Product,PRUS-PG-30/50-CG,PRUS,Blackthorn 30/50cm Cell grown,Images\Blackthorn (PRUS)\Pots\PRUS-PG-30-50-CG.jpg
Product,PRUS-PG-40/60-2L,PRUS,Blackthorn 40/60cm 2L pot,Images\Blackthorn (PRUS)\Pots\PRUS-PG-40-60-2L.jpg
Product,PRUS-PG-60/90-2L,PRUS,Blackthorn 60/90cm 2L pot,Images\Blackthorn (PRUS)\Pots\PRUS-PG-60-90-2L.jpg
Product,PYRO-PG-120/150-5L,PYRO,Orange Firethorn 120/150cm 5L pot,Images\Pyracantha - Orange (PYRO)\Pots\PYRO-PG-120-150-5L.jpg
Product,PYRO-PG-150/175-10L,PYRO,Orange Firethorn 150/175cm 10L pot,Images\Pyracantha - Orange (PYRO)\Pots\PYRO-PG-150-175-10L.jpg
Product,PYRO-PG-40/60-2L,PYRO,Orange Firethorn 40/60cm 2L pot,Images\Pyracantha - Orange (PYRO)\Pots\PYRO-PG-40-60-2L.jpg
Product,PYRO-PG-60/90-2L,PYRO,Orange Firethorn 60/90cm 2L pot,Images\Pyracantha - Orange (PYRO)\Pots\PYRO-PG-60-90-2L.jpg
Product,PYRO-PG-90/120-3L,PYRO,Orange Firethorn 90/120cm 3L pot,Images\Pyracantha - Orange (PYRO)\Pots\PYRO-PG-90-120-3L.jpg
Product,PYRO-PG-90/120-5L,PYRO,Orange Firethorn 90/120cm 5L pot,Images\Pyracantha - Orange (PYRO)\Pots\PYRO-PG-90-120-5L.jpg
Product,PYRR-PG-120/150-5L,PYRR,Red Firethorn 120/150cm 5L pot,Images\Pyracantha - Red (PYRR)\Pots\PYRR-PG-120-150-5L.jpg
Product,PYRR-PG-150/175-10L,PYRR,Red Firethorn 150/175cm 10L pot,Images\Pyracantha - Red (PYRR)\Pots\PYRR-PG-150-175-10L.jpg
Product,PYRR-PG-40/60-2L,PYRR,Red Firethorn 40/60cm 2L pot,Images\Pyracantha - Red (PYRR)\Pots\PYRR-PG-40-60-2L.jpg
Product,PYRR-PG-60/90-2L,PYRR,Red Firethorn 60/90cm 2L pot,Images\Pyracantha - Red (PYRR)\Pots\PYRR-PG-60-90-2L.jpg
Product,PYRR-PG-90/120-3L,PYRR,Red Firethorn 90/120cm 3L pot,Images\Pyracantha - Red (PYRR)\Pots\PYRR-PG-90-120-3L.jpg
Product,PYRR-PG-90/120-5L,PYRR,Red Firethorn 90/120cm 5L pot,Images\Pyracantha - Red (PYRR)\Pots\PYRR-PG-90-120-5L.jpg
Product,PYRS-PG-120/150-5L,PYRS,Yellow Firethorn 120/150cm 5L pot,Images\Pyracantha - Yellow (PYRS)\Pots\PYRS-PG-120-150-5L.jpg
Product,PYRS-PG-150/175-10L,PYRS,Yellow Firethorn 150/175cm 10L pot,Images\Pyracantha - Yellow (PYRS)\Pots\PYRS-PG-150-175-10L.jpg
Product,PYRS-PG-40/60-2L,PYRS,Yellow Firethorn 40/60cm 2L pot,Images\Pyracantha - Yellow (PYRS)\Pots\PYRS-PG-40-60-2L.jpg
Product,PYRS-PG-60/90-2L,PYRS,Yellow Firethorn 60/90cm 2L pot,Images\Pyracantha - Yellow (PYRS)\Pots\PYRS-PG-60-90-2L.jpg
Product,PYRS-PG-90/120-5L,PYRS,Yellow Firethorn 90/120cm 5L pot,Images\Pyracantha - Yellow (PYRS)\Pots\PYRS-PG-90-120-5L.jpg
Product,QUE-BR-40/60,QUE,English Oak 40/60cm bare root,Images\Oak - English (QUE)\Bare Roots\QUE-BR-40-60.jpg
Product,QUE-BR-60/90,QUE,English Oak 60/90cm bare root,Images\Oak - English (QUE)\Bare Roots\QUE-BR-60-90.jpg
Product,RIB-BR-40/60,RIB,Flowering currant 40/60cm bare root,Images\Flowering Currant (RIB)\Bare Roots\RIB-BR-40-60.jpg
Product,RIB-BR-60/90,RIB,Flowering currant 60/90cm bare root,Images\Flowering Currant (RIB)\Bare Roots\RIB-BR-60-90.jpg
Product,RIB-PG-40/60-2L,RIB,Flowering Currant 40/60cm 2L pot,Images\Flowering Currant (RIB)\Pots\RIB-PG-40-60-2L.jpg
Product,RIB-PG-60/90-2L,RIB,Flowering Currant 60/90cm 2L pot,Images\Flowering Currant (RIB)\Pots\RIB-PG-60-90-2L.jpg
Product,ROSA-BR-40/60,ROSA,Rosa rugosa white 40/60cm bare root,Images\Rosa Rugosa - White (ROSA)\Bare Roots\ROSA-BR-40-60.jpg
Product,ROSA-PG-20/40-CG,ROSA,Rosa rugosa white 20/40cm Cell grown,Images\Rosa Rugosa - White (ROSA)\Pots\ROSA-PG-20-40-CG.jpg
Product,ROSA-PG-40/60-2L,ROSA,Rosa rugosa white 40/60cm 2L pot,Images\Rosa Rugosa - White (ROSA)\Pots\ROSA-PG-40-60-2L.jpg
Product,ROS-BR-120/150,ROS,Dog Rose 120/150cm bare root,Images\Dog Rose (ROS)\Bare Roots\ROS-BR-120-150.jpg
Product,ROS-BR-40/60,ROS,Dog rose 40/60cm bare root,Images\Dog Rose (ROS)\Bare Roots\ROS-BR-40-60.jpg
Product,ROS-BR-60/90,ROS,Dog Rose 60/90cm bare root,Images\Dog Rose (ROS)\Bare Roots\ROS-BR-60-90.jpg
Product,ROS-BR-90/120,ROS,Dog Rose 90/120cm bare root,Images\Dog Rose (ROS)\Bare Roots\ROS-BR-90-120.jpg
Product,ROS-PG-20/40-CG,ROS,Dog Rose 20/40cm Cell grown,Images\Dog Rose (ROS)\Pots\ROS-PG-20-40-CG.jpg
Product,ROS-PG-40/60-2L,ROS,Dog Rose 40/60cm 2L pot,Images\Dog Rose (ROS)\Pots\ROS-PG-40-60-2L.jpg
Product,ROS-PG-60/90-2L,ROS,Dog Rose 60/90cm 2L pot,Images\Dog Rose (ROS)\Pots\ROS-PG-60-90-2L.jpg
Product,ROSE-PG-20/40-2L,ROSE,Rosemary 20/40cm 2L pot,Images\Rosemary (ROSE)\Pots\ROSE-PG-20-40-2L.jpg
Product,ROSE-PG-40/60-5L,ROSE,Rosemary 40/60cm 5L pot,Images\Rosemary (ROSE)\Pots\ROSE-PG-40-60-5L.jpg
Product,ROSR-BR-40/60,ROSR,Rosa rugosa pink 40/60cm bare root,Images\Rosa Rugosa - Pink (ROSR)\Bare Roots\ROSR-BR-40-60.jpg
Product,ROSR-PG-20/40-CG,ROSR,Rosa rugosa pink 20/40cm Cell grown,Images\Rosa Rugosa - Pink (ROSR)\Pots\ROSR-PG-20-40-CG.jpg
Product,ROSR-PG-40/60-2L,ROSR,Rosa rugosa pink 40/60cm 2L pot,Images\Rosa Rugosa - Pink (ROSR)\Pots\ROSR-PG-40-60-2L.jpg
Product,SALX-BR-120/150,SALX,Willow 120/150cm bare root,Images\Willow (SALX)\Bare Roots\SALX-BR-120-150.jpg
Product,SALX-BR-40/60,SALX,Willow 40/60cm bare root,Images\Willow (SALX)\Bare Roots\SALX-BR-40-60.jpg
Product,SALX-BR-60/90,SALX,Willow 60/90cm bare root,Images\Willow (SALX)\Bare Roots\SALX-BR-60-90.jpg
Product,SALX-BR-90/120,SALX,Willow 90/120cm bare root,Images\Willow (SALX)\Bare Roots\SALX-BR-90-120.jpg
Product,SAM-BR-40/60,SAM,Elder 40/60cm bare root,Images\Elder (SAM)\Bare Roots\SAM-BR-40-60.jpg
Product,SAM-BR-60/90,SAM,Elder 60/90cm bare root,Images\Elder (SAM)\Bare Roots\SAM-BR-60-90.jpg
Product,SAM-BR-90/120,SAM,Elder 90/120cm bare root,Images\Elder (SAM)\Bare Roots\SAM-BR-90-120.jpg
Product,SAM-PG-15/30-CG,SAM,Elder 15/30cm Cell grown,Images\Elder (SAM)\Pots\SAM-PG-15-30-CG.jpg
Product,SAM-PG-40/60-2L,SAM,Elder 40/60cm 2L pot,Images\Elder (SAM)\Pots\SAM-PG-40-60-2L.jpg
Product,SKIM-PG-20/40-2L,SKIM,Skimmia 'Rubella' 20/40cm 2L pot,Images\Skimmia Rubella (SKIM)\Pots\SKIM-PG-20-40-2L.jpg
Product,SOR-BR-120/150,SOR,Rowan 120/150cm bare root,Images\Rowan or Mountain Ash (SOR)\Bare Roots\SOR-BR-120-150.jpg
Product,SOR-BR-150/200,SOR,Rowan 150/200cm bare root,Images\Rowan or Mountain Ash (SOR)\Bare Roots\SOR-BR-150-200.jpg
Product,SOR-BR-40/60,SOR,Rowan 40/60cm bare root,Images\Rowan or Mountain Ash (SOR)\Bare Roots\SOR-BR-40-60.jpg
Product,SOR-BR-60/90,SOR,Rowan 60/90cm bare root,Images\Rowan or Mountain Ash (SOR)\Bare Roots\SOR-BR-60-90.jpg
Product,SOR-BR-90/120,SOR,Rowan 90/120cm bare root,Images\Rowan or Mountain Ash (SOR)\Bare Roots\SOR-BR-90-120.jpg
Product,SOR-PG-30/50-CG,SOR,Rowan 30/50cm Cell grown,Images\Rowan or Mountain Ash (SOR)\Pots\SOR-PG-30-50-CG.jpg
Product,SOR-PG-40/60-2L,SOR,Rowan 40/60cm 2L pot,Images\Rowan or Mountain Ash (SOR)\Pots\SOR-PG-40-60-2L.jpg
Product,SPIN-BR-40/60,SPIN,Spindle 40/60cm bare root,Images\Spindle (SPIN)\Bare Roots\SPIN-BR-40-60.jpg
Product,SPIN-BR-60/90,SPIN,Spindle 60/90cm bare root,Images\Spindle (SPIN)\Bare Roots\SPIN-BR-60-90.jpg
Product,TAC-PG-60/90-2L,TAC,Star Jasmine 60/90cm 2L pot,Images\Jasmine - Star (TAC)\Pots\TAC-PG-60-90-2L.jpg
Product,TAX-BR-20/30,TAX,English Yew 20/30cm bare root,Images\Yew - English (TAX)\Bare Roots\TAX-BR-20-30.jpg
Product,TAX-BR-30/40,TAX,English Yew 30/40cm bare root,Images\Yew - English (TAX)\Bare Roots\TAX-BR-30-40.jpg
Product,TAX-BR-40/60,TAX,English Yew 40/60cm bare root,Images\Yew - English (TAX)\Bare Roots\TAX-BR-40-60.jpg
Product,TAX-BR-60/80,TAX,English Yew 60/80cm bare root,Images\Yew - English (TAX)\Bare Roots\TAX-BR-60-80.jpg
Product,TAX-PG-15/30-CG,TAX,English Yew 15/30cm Cell grown,Images\Yew - English (TAX)\Pots\TAX-PG-15-30-CG.jpg
Product,TAX-PG-120/150-15L,TAX,English Yew 120/150cm 15L pot,Images\Yew - English (TAX)\Pots\TAX-PG-120-150-15L.jpg
Product,TAX-PG-150/175-20L,TAX,English Yew 150/175cm 20L pot,Images\Yew - English (TAX)\Pots\TAX-PG-150-175-20L.jpg
Product,TAX-PG-20/40-2L,TAX,English Yew 20/40cm 2L pot,Images\Yew - English (TAX)\Pots\TAX-PG-20-40-2L.jpg
Product,TAX-PG-40/60-2L,TAX,English Yew 40/60cm 2L pot,Images\Yew - English (TAX)\Pots\TAX-PG-40-60-2L.jpg
Product,TAX-PG-60/90-2L,TAX,English Yew 60/90cm 2L pot,Images\Yew - English (TAX)\Pots\TAX-PG-60-90-2L.jpg
Product,TAX-PG-70/100-2L,TAX,English Yew 70/100cm 2L pot,Images\Yew - English (TAX)\Pots\TAX-PG-70-100-2L.jpg
Product,TAX-PG-70/100-5L,TAX,English Yew 70/100cm 5L pot,Images\Yew - English (TAX)\Pots\TAX-PG-70-100-5L.jpg
Product,TAX-PG-90/120-10L,TAX,English Yew 90/120cm 10L pot,Images\Yew - English (TAX)\Pots\TAX-PG-90-120-10L.jpg
Product,TAX-RB-100/125,TAX,English Yew 100/125cm Root ball,Images\Yew - English (TAX)\Root Balls\TAX-RB-100-125.jpg
Product,TAX-RB-125/150,TAX,English Yew 125/150cm Root ball,Images\Yew - English (TAX)\Root Balls\TAX-RB-125-150.jpg
Product,TAX-RB-150/175,TAX,English Yew 150/175cm Root ball,Images\Yew - English (TAX)\Root Balls\TAX-RB-150-175.jpg
Product,TAX-RB-175/200,TAX,English Yew 175/200cm Root ball,Images\Yew - English (TAX)\Root Balls\TAX-RB-175-200.jpg
Product,TAX-RB-200/225,TAX,English Yew 200/225cm Root ball,Images\Yew - English (TAX)\Root Balls\TAX-RB-200-225.jpg
Product,TAX-RB-60/80,TAX,English Yew 60/80cm Root ball,Images\Yew - English (TAX)\Root Balls\TAX-RB-60-80.jpg
Product,TAX-RB-80/100,TAX,English Yew 80/100cm Root ball,Images\Yew - English (TAX)\Root Balls\TAX-RB-80-100.jpg
Product,TAX-IH-80/100-40L,TAX,English Yew 40L 80/100cm 1 Metre trough,Images\Yew - English (TAX)\Troughs\TAX-IH-80-100-40L.jpg
Product,TAX-IH-150/175-90L,TAX,English Yew 90L 150/175cm 1 Metre trough,Images\Yew - English (TAX)\Troughs\TAX-IH-150-175-90L.jpg
Product,THUJ-PG-30/50-CG,THUJ,Western Red Cedar 30/50cm Cell grown,Images\Western Red Cedar (THUJ)\Pots\THUJ-PG-30-50-CG.jpg
Product,THUJ-PG-120/150-10L,THUJ,Western Red Cedar 120/150cm 10L pot,Images\Western Red Cedar (THUJ)\Pots\THUJ-PG-120-150-10L.jpg
Product,THUJ-PG-150/175-15L,THUJ,Western Red Cedar 150/175cm 15L pot,Images\Western Red Cedar (THUJ)\Pots\THUJ-PG-150-175-15L.jpg
Product,THUJ-PG-40/60-2L,THUJ,Western Red Cedar 40/60cm 2L pot,Images\Western Red Cedar (THUJ)\Pots\THUJ-PG-40-60-2L.jpg
Product,THUJ-PG-60/90-2L,THUJ,Western Red Cedar 60/90cm 2L pot,Images\Western Red Cedar (THUJ)\Pots\THUJ-PG-60-90-2L.jpg
Product,THUJ-PG-90/120-3L,THUJ,Western Red Cedar 90/120cm 3L pot,Images\Western Red Cedar (THUJ)\Pots\THUJ-PG-90-120-3L.jpg
Product,THUJ-PG-90/120-5L,THUJ,Western Red Cedar 90/120cm 5L pot,Images\Western Red Cedar (THUJ)\Pots\THUJ-PG-90-120-5L.jpg
Product,THUJ-RB-100/125,THUJ,Western red cedar 100/125cm Root ball,Images\Western Red Cedar (THUJ)\Root Balls\THUJ-RB-100-125.jpg
Product,THUJ-RB-125/150,THUJ,Western red cedar 125/150cm Root ball,Images\Western Red Cedar (THUJ)\Root Balls\THUJ-RB-125-150.jpg
Product,THUJ-RB-150/175,THUJ,Western red cedar 150/175cm Root ball,Images\Western Red Cedar (THUJ)\Root Balls\THUJ-RB-150-175.jpg
Product,THUJ-RB-175/200,THUJ,Western red cedar 175/200cm Root ball,Images\Western Red Cedar (THUJ)\Root Balls\THUJ-RB-175-200.jpg
Product,THUJ-RB-200/225,THUJ,Western red cedar 200/225cm Root ball,Images\Western Red Cedar (THUJ)\Root Balls\THUJ-RB-200-225.jpg
Product,THUJ-RB-225/250,THUJ,Western red cedar 225/250cm Root ball,Images\Western Red Cedar (THUJ)\Root Balls\THUJ-RB-225-250.jpg
Product,THUJ-IH-150/175-90L,THUJ,Western Red Cedar 90L 150/175cm 1 Metre trough,Images\Western Red Cedar (THUJ)\Troughs\THUJ-IH-150-175-90L.jpg
Product,ULE-PG-15/30-CG,ULE,Gorse 15/30cm Cell grown,Images\Gorse (ULE)\Pots\ULE-PG-15-30-CG.jpg
Product,ULE-PG-20/40-1.5L,ULE,Gorse 20/40cm 1.5L pot,Images\Gorse (ULE)\Pots\ULE-PG-20-40-1_5L.jpg
Product,ULE-PG-40/60-2L,ULE,Gorse 40/60cm 2L pot,Images\Gorse (ULE)\Pots\ULE-PG-40-60-2L.jpg
Product,VIBL-BR-40/60,VIBL,Viburnum Lantana 40/60cm bare root,Images\Viburnum Lantana (VIBL)\Bare Roots\VIBL-BR-40-60.jpg
Product,VIBL-BR-60/90,VIBL,Viburnum Lantana 60/90cm bare root,Images\Viburnum Lantana (VIBL)\Bare Roots\VIBL-BR-60-90.jpg
Product,VIBO-BR-40/60,VIBO,Guelder rose 40/60cm bare root,Images\Viburnum Opulus (VIBO)\Bare Roots\VIBO-BR-40-60.jpg
Product,VIBO-BR-60/90,VIBO,Guelder rose 60/90cm bare root,Images\Viburnum Opulus (VIBO)\Bare Roots\VIBO-BR-60-90.jpg
Product,VIBO-PG-20/40-CG,VIBO,Guelder Rose 20/40cm Cell grown,Images\Viburnum Opulus (VIBO)\Pots\VIBO-PG-20-40-CG.jpg
Product,VIBO-PG-40/60-2L,VIBO,Guelder Rose 40/60cm 2L pot,Images\Viburnum Opulus (VIBO)\Pots\VIBO-PG-40-60-2L.jpg
Product,VIBO-PG-60/90-2L,VIBO,Guelder Rose 60/90cm 2L pot,Images\Viburnum Opulus (VIBO)\Pots\VIBO-PG-60-90-2L.jpg
Product,VIBT-PG-20/40-2L,VIBT,Viburnum Tinus 'Eve Price' 20/40cm 2L pot,Images\Viburnum Tinus (VIBT)\Pots\VIBT-PG-20-40-2L.jpg
Product,VIBT-PG-40/60-2L,VIBT,Viburnum Tinus 'Eve Price' 40/60cm 2L pot,Images\Viburnum Tinus (VIBT)\Pots\VIBT-PG-40-60-2L.jpg
Product,VIBT-PG-40/60-5L,VIBT,Viburnum Tinus 'Eve Price' 40/60cm 5L pot,Images\Viburnum Tinus (VIBT)\Pots\VIBT-PG-40-60-5L.jpg
Product,VIBT-PG-60/90-10L,VIBT,Viburnum Tinus 'Eve Price' 60/90cm 10L pot,Images\Viburnum Tinus (VIBT)\Pots\VIBT-PG-60-90-10L.jpg
Product,WEIF-PG-40/60-2L,WEIF,Weigela Florida 'Variegata' 40/60cm 2L pot,Images\Weigela (WEIF)\Pots\WEIF-PG-40-60-2L.jpg
