Version:16,,
Header:Product,Product Reference,ProductLayoutRWD
Product,ALN,Product Layout (Species Product)
Product,PHYN,Product Layout (Species Product)
Product,PHYA,Product Layout (Species Product)
Product,PHYB,Product Layout (Species Product)
Product,PHYJ,Product Layout (Species Product)
Product,FAGS,Product Layout (Species Product)
Product,FAGP,Product Layout (Species Product)
Product,BERD,Product Layout (Species Product)
Product,BERJ,Product Layout (Species Product)
Product,BERO,Product Layout (Species Product)
Product,BERS,Product Layout (Species Product)
Product,BERT,Product Layout (Species Product)
Product,BERA,Product Layout (Species Product)
Product,BERR,Product Layout (Species Product)
Product,PRUP,Product Layout (Species Product)
Product,PRUS,Product Layout (Species Product)
Product,BUXS,Product Layout (Species Product)
Product,BUSU,Product Layout (Species Product)
Product,BRAC,Product Layout (Species Product)
Product,CEAN,Product Layout (Species Product)
Product,COTF,Product Layout (Species Product)
Product,COTH,Product Layout (Species Product)
Product,COTL,Product Layout (Species Product)
Product,COTS,Product Layout (Species Product)
Product,MAL,Product Layout (Species Product)
Product,OLE,Product Layout (Species Product)
Product,ROS,Product Layout (Species Product)
Product,COSA,Product Layout (Species Product)
Product,COAL,Product Layout (Species Product)
Product,COSI,Product Layout (Species Product)
Product,CORS,Product Layout (Species Product)
Product,SAM,Product Layout (Species Product)
Product,SAMA,Product Layout (Species Product)
Product,ESCD,Product Layout (Species Product)
Product,ESCR,Product Layout (Species Product)
Product,ESCI,Product Layout (Species Product)
Product,EUOF,Product Layout (Species Product)
Product,EUOE,Product Layout (Species Product)
Product,EUJH,Product Layout (Species Product)
Product,EUOO,Product Layout (Species Product)
Product,EUOK,Product Layout (Species Product)
Product,ACE,Product Layout (Species Product)
Product,RIB,Product Layout (Species Product)
Product,FOR,Product Layout (Species Product)
Product,FUCH,Product Layout (Species Product)
Product,ULE,Product Layout (Species Product)
Product,GRID,Product Layout (Species Product)
Product,GRIS,Product Layout (Species Product)
Product,CRA,Product Layout (Species Product)
Product,COR,Product Layout (Species Product)
Product,HEBM,Product Layout (Species Product)
Product,HEBS,Product Layout (Species Product)
Product,ILE,Product Layout (Species Product)
Product,ILAM,Product Layout (Species Product)
Product,HBEA,Product Layout (Species Product)
Product,HYP,Product Layout (Species Product)
Product,ILEC,Product Layout (Species Product)
Product,IIVY,Product Layout (Species Product)
Product,AME,Product Layout (Species Product)
Product,LAUN,Product Layout (Species Product)
Product,PRLC,Product Layout (Species Product)
Product,PRLR,Product Layout (Species Product)
Product,PRLO,Product Layout (Species Product)
Product,PRLE,Product Layout (Species Product)
Product,PRUL,Product Layout (Species Product)
Product,AUC,Product Layout (Species Product)
Product,LAVA,Product Layout (Species Product)
Product,LAVSP,Product Layout (Species Product)
Product,LAVH,Product Layout (Species Product)
Product,CUPL,Product Layout (Species Product)
Product,LEY,Product Layout (Species Product)
Product,LON,Product Layout (Species Product)
Product,LONN,Product Layout (Species Product)
Product,LONP,Product Layout (Species Product)
Product,CHO,Product Layout (Species Product)
Product,CHOS,Product Layout (Species Product)
Product,ELA,Product Layout (Species Product)
Product,ELAG,Product Layout (Species Product)
Product,ELAL,Product Layout (Species Product)
Product,PHIL,Product Layout (Species Product)
Product,PLRR,Product Layout (Species Product)
Product,PHO,Product Layout (Species Product)
Product,POTP,Product Layout (Species Product)
Product,POTT,Product Layout (Species Product)
Product,POTW,Product Layout (Species Product)
Product,POTY,Product Layout (Species Product)
Product,LIGA,Product Layout (Species Product)
Product,LIG,Product Layout (Species Product)
Product,PRUC,Product Layout (Species Product)
Product,PYRO,Product Layout (Species Product)
Product,PYRR,Product Layout (Species Product)
Product,PYRS,Product Layout (Species Product)
Product,ROSR,Product Layout (Species Product)
Product,ROSA,Product Layout (Species Product)
Product,ROSE,Product Layout (Species Product)
Product,SOR,Product Layout (Species Product)
Product,HIPR,Product Layout (Species Product)
Product,SKIM,Product Layout (Species Product)
Product,SPIN,Product Layout (Species Product)
Product,VIBL,Product Layout (Species Product)
Product,VIBO,Product Layout (Species Product)
Product,VIBT,Product Layout (Species Product)
Product,WEIF,Product Layout (Species Product)
Product,THUJ,Product Layout (Species Product)
Product,PRUA,Product Layout (Species Product)
Product,SALX,Product Layout (Species Product)
Product,TAX,Product Layout (Species Product)
